Deactivating conda environments
Deactivating conda environments
============================================================
Affinity Ablation Study
Job ID       : 5586649
Array Task   : 1
Node         : frontier07266
Python       : /ccs/home/sireesiru/.conda/envs/protgpt2/bin/python
Conda env    : protgpt2
Working dir  : /lustre/orion/gen006/scratch/sireesiru/miniffinity/all_emb/XGB
Start time   : Fri Oct  2 01:17:18 PM EDT 2026
============================================================
Visible GPUs:


========================================== ROCm System Management Interface ==========================================
==================================================== Concise Info ====================================================
Device  Node  IDs              Temp    Power  Partitions          SCLK    MCLK     Fan  Perf    PwrCap  VRAM%  GPU%  
[3m              (DID,     GUID)  (Edge)  (Avg)  (Mem, Compute, ID)                                                     [0m
======================================================================================================================
0       4     0x7408,   63582  36.0°C  89.0W  N/A, N/A, 0         800Mhz  1600Mhz  0%   manual  560.0W  0%     0%    
1       5     0x7408,   51740  37.0°C  N/A    N/A, N/A, 0         800Mhz  1600Mhz  0%   manual  0.0W    0%     0%    
2       6     0x7408,   15961  37.0°C  87.0W  N/A, N/A, 0         800Mhz  1600Mhz  0%   manual  560.0W  0%     0%    
3       7     0x7408,   3099   38.0°C  N/A    N/A, N/A, 0         800Mhz  1600Mhz  0%   manual  0.0W    0%     0%    
4       8     0x7408,   13395  41.0°C  95.0W  N/A, N/A, 0         800Mhz  1600Mhz  0%   manual  560.0W  0%     0%    
5       9     0x7408,   1553   40.0°C  N/A    N/A, N/A, 0         800Mhz  1600Mhz  0%   manual  0.0W    0%     0%    
6       10    0x7408,   62036  37.0°C  85.0W  N/A, N/A, 0         800Mhz  1600Mhz  0%   manual  560.0W  0%     0%    
7       11    0x7408,   49174  40.0°C  N/A    N/A, N/A, 0         800Mhz  1600Mhz  0%   manual  0.0W    0%     0%    
======================================================================================================================
================================================ End of ROCm SMI Log =================================================
Running ProstT5 -- PROTEIN ONLY

DATA FILTERING
Original samples : 19118
After filtering  : 19116
Removed          : 2

============================================================
MODEL: PROSTT5 | MODE: PROTEIN
============================================================
Protein shape : (19116, 1024)
Ligand shape  : (19116, 2304)

DATA SPLIT
Train      : 13381 (70.0%)
Validation : 2867 (15.0%)
Test       : 2868 (15.0%)

INPUT REPRESENTATION
Mode: protein
Before feature selection: (13381, 1024)
Selecting 512 features...
Final input shape: (13381, 512)
╭────────────────────────────────────────────────────────────────────────────────╮
│ Configuration for experiment     train_affinity_pipeline_2026-10-02_13-19-05   │
├────────────────────────────────────────────────────────────────────────────────┤
│ Search algorithm                 BasicVariantGenerator                         │
│ Scheduler                        AsyncHyperBandScheduler                       │
│ Number of trials                 30                                            │
╰────────────────────────────────────────────────────────────────────────────────╯

View detailed results here: /ccs/home/sireesiru/ray_results/train_affinity_pipeline_2026-10-02_13-19-05

Trial status: 1 PENDING
Current time: 2026-10-02 13:19:05. Total running time: 0s
Logical resource usage: 2.0/16 CPUs, 1.0/1 GPUs (0.0/1.0 accelerator_type:AMD-Instinct-MI250X)
╭───────────────────────────────────────────────────────────────────────────────────────────────────────╮
│ Trial name                            status       hidden_dim     dropout           lr     batch_size │
├───────────────────────────────────────────────────────────────────────────────────────────────────────┤
│ train_affinity_pipeline_5ef64_00000   PENDING            1024    0.396567   0.00029294             64 │
╰───────────────────────────────────────────────────────────────────────────────────────────────────────╯

Trial train_affinity_pipeline_5ef64_00000 started with configuration:
╭──────────────────────────────────────────────────────────────╮
│ Trial train_affinity_pipeline_5ef64_00000 config             │
├──────────────────────────────────────────────────────────────┤
│ batch_size                                                64 │
│ dropout                                              0.39657 │
│ hidden_dim                                              1024 │
│ lr                                                   0.00029 │
╰──────────────────────────────────────────────────────────────╯
[36m(train_affinity_pipeline pid=1157648)[0m Worker running on: cuda
[36m(train_affinity_pipeline pid=1157648)[0m GPU Name: AMD Instinct MI250X

Trial status: 1 RUNNING
Current time: 2026-10-02 13:19:35. Total running time: 30s
Logical resource usage: 2.0/16 CPUs, 1.0/1 GPUs (0.0/1.0 accelerator_type:AMD-Instinct-MI250X)
╭───────────────────────────────────────────────────────────────────────────────────────────────────────╮
│ Trial name                            status       hidden_dim     dropout           lr     batch_size │
├───────────────────────────────────────────────────────────────────────────────────────────────────────┤
│ train_affinity_pipeline_5ef64_00000   RUNNING            1024    0.396567   0.00029294             64 │
╰───────────────────────────────────────────────────────────────────────────────────────────────────────╯

Trial train_affinity_pipeline_5ef64_00000 completed after 40 iterations at 2026-10-02 13:19:59. Total running time: 53s
╭──────────────────────────────────────────────────────────────╮
│ Trial train_affinity_pipeline_5ef64_00000 result             │
├──────────────────────────────────────────────────────────────┤
│ checkpoint_dir_name                                          │
│ time_this_iter_s                                     0.44124 │
│ time_total_s                                         37.3962 │
│ training_iteration                                        40 │
│ mae                                                  1.16783 │
│ r2_score                                             0.35436 │
│ rmse                                                 1.50528 │
╰──────────────────────────────────────────────────────────────╯

Trial status: 1 TERMINATED | 1 PENDING
Current time: 2026-10-02 13:20:06. Total running time: 1min 0s
Logical resource usage: 2.0/16 CPUs, 1.0/1 GPUs (0.0/1.0 accelerator_type:AMD-Instinct-MI250X)
╭──────────────────────────────────────────────────────────────────────────────────────────────────────────────────────────────────────────────────────────────────────╮
│ Trial name                            status         hidden_dim     dropout           lr     batch_size     iter     total time (s)     r2_score      rmse       mae │
├──────────────────────────────────────────────────────────────────────────────────────────────────────────────────────────────────────────────────────────────────────┤
│ train_affinity_pipeline_5ef64_00000   TERMINATED           1024    0.396567   0.00029294             64       40            37.3962     0.354363   1.50528   1.16783 │
│ train_affinity_pipeline_5ef64_00001   PENDING              1024    0.224962   0.00980176             32                                                              │
╰──────────────────────────────────────────────────────────────────────────────────────────────────────────────────────────────────────────────────────────────────────╯

Trial train_affinity_pipeline_5ef64_00001 started with configuration:
╭──────────────────────────────────────────────────────────────╮
│ Trial train_affinity_pipeline_5ef64_00001 config             │
├──────────────────────────────────────────────────────────────┤
│ batch_size                                                32 │
│ dropout                                              0.22496 │
│ hidden_dim                                              1024 │
│ lr                                                    0.0098 │
╰──────────────────────────────────────────────────────────────╯
[36m(train_affinity_pipeline pid=1157762)[0m Worker running on: cuda
[36m(train_affinity_pipeline pid=1157762)[0m GPU Name: AMD Instinct MI250X

Trial train_affinity_pipeline_5ef64_00001 completed after 10 iterations at 2026-10-02 13:20:34. Total running time: 1min 28s
╭──────────────────────────────────────────────────────────────╮
│ Trial train_affinity_pipeline_5ef64_00001 result             │
├──────────────────────────────────────────────────────────────┤
│ checkpoint_dir_name                                          │
│ time_this_iter_s                                     0.74628 │
│ time_total_s                                         20.6968 │
│ training_iteration                                        10 │
│ mae                                                  1.24779 │
│ r2_score                                              0.2849 │
│ rmse                                                 1.58418 │
╰──────────────────────────────────────────────────────────────╯

Trial status: 2 TERMINATED | 1 PENDING
Current time: 2026-10-02 13:20:36. Total running time: 1min 30s
Logical resource usage: 2.0/16 CPUs, 1.0/1 GPUs (0.0/1.0 accelerator_type:AMD-Instinct-MI250X)
╭──────────────────────────────────────────────────────────────────────────────────────────────────────────────────────────────────────────────────────────────────────╮
│ Trial name                            status         hidden_dim     dropout           lr     batch_size     iter     total time (s)     r2_score      rmse       mae │
├──────────────────────────────────────────────────────────────────────────────────────────────────────────────────────────────────────────────────────────────────────┤
│ train_affinity_pipeline_5ef64_00000   TERMINATED           1024    0.396567   0.00029294             64       40            37.3962     0.354363   1.50528   1.16783 │
│ train_affinity_pipeline_5ef64_00001   TERMINATED           1024    0.224962   0.00980176             32       10            20.6968     0.284902   1.58418   1.24779 │
│ train_affinity_pipeline_5ef64_00002   PENDING               256    0.157053   0.00241595            128                                                              │
╰──────────────────────────────────────────────────────────────────────────────────────────────────────────────────────────────────────────────────────────────────────╯

Trial train_affinity_pipeline_5ef64_00002 started with configuration:
╭──────────────────────────────────────────────────────────────╮
│ Trial train_affinity_pipeline_5ef64_00002 config             │
├──────────────────────────────────────────────────────────────┤
│ batch_size                                               128 │
│ dropout                                              0.15705 │
│ hidden_dim                                               256 │
│ lr                                                   0.00242 │
╰──────────────────────────────────────────────────────────────╯
[36m(train_affinity_pipeline pid=1157841)[0m Worker running on: cuda
[36m(train_affinity_pipeline pid=1157841)[0m GPU Name: AMD Instinct MI250X

Trial status: 2 TERMINATED | 1 RUNNING
Current time: 2026-10-02 13:21:06. Total running time: 2min 0s
Logical resource usage: 2.0/16 CPUs, 1.0/1 GPUs (0.0/1.0 accelerator_type:AMD-Instinct-MI250X)
╭──────────────────────────────────────────────────────────────────────────────────────────────────────────────────────────────────────────────────────────────────────╮
│ Trial name                            status         hidden_dim     dropout           lr     batch_size     iter     total time (s)     r2_score      rmse       mae │
├──────────────────────────────────────────────────────────────────────────────────────────────────────────────────────────────────────────────────────────────────────┤
│ train_affinity_pipeline_5ef64_00002   RUNNING               256    0.157053   0.00241595            128       20            17.9716     0.347132   1.51368   1.16761 │
│ train_affinity_pipeline_5ef64_00000   TERMINATED           1024    0.396567   0.00029294             64       40            37.3962     0.354363   1.50528   1.16783 │
│ train_affinity_pipeline_5ef64_00001   TERMINATED           1024    0.224962   0.00980176             32       10            20.6968     0.284902   1.58418   1.24779 │
╰──────────────────────────────────────────────────────────────────────────────────────────────────────────────────────────────────────────────────────────────────────╯

Trial train_affinity_pipeline_5ef64_00002 completed after 40 iterations at 2026-10-02 13:21:11. Total running time: 2min 5s
╭──────────────────────────────────────────────────────────────╮
│ Trial train_affinity_pipeline_5ef64_00002 result             │
├──────────────────────────────────────────────────────────────┤
│ checkpoint_dir_name                                          │
│ time_this_iter_s                                     0.26591 │
│ time_total_s                                         23.2796 │
│ training_iteration                                        40 │
│ mae                                                  1.16379 │
│ r2_score                                              0.3542 │
│ rmse                                                 1.50547 │
╰──────────────────────────────────────────────────────────────╯

Trial train_affinity_pipeline_5ef64_00003 started with configuration:
╭──────────────────────────────────────────────────────────────╮
│ Trial train_affinity_pipeline_5ef64_00003 config             │
├──────────────────────────────────────────────────────────────┤
│ batch_size                                                64 │
│ dropout                                              0.23666 │
│ hidden_dim                                              1024 │
│ lr                                                   0.00154 │
╰──────────────────────────────────────────────────────────────╯
[36m(train_affinity_pipeline pid=1157940)[0m Worker running on: cuda
[36m(train_affinity_pipeline pid=1157940)[0m GPU Name: AMD Instinct MI250X

Trial status: 3 TERMINATED | 1 RUNNING
Current time: 2026-10-02 13:21:36. Total running time: 2min 30s
Logical resource usage: 2.0/16 CPUs, 1.0/1 GPUs (0.0/1.0 accelerator_type:AMD-Instinct-MI250X)
╭──────────────────────────────────────────────────────────────────────────────────────────────────────────────────────────────────────────────────────────────────────╮
│ Trial name                            status         hidden_dim     dropout           lr     batch_size     iter     total time (s)     r2_score      rmse       mae │
├──────────────────────────────────────────────────────────────────────────────────────────────────────────────────────────────────────────────────────────────────────┤
│ train_affinity_pipeline_5ef64_00003   RUNNING              1024    0.236658   0.00154025             64                                                              │
│ train_affinity_pipeline_5ef64_00000   TERMINATED           1024    0.396567   0.00029294             64       40            37.3962     0.354363   1.50528   1.16783 │
│ train_affinity_pipeline_5ef64_00001   TERMINATED           1024    0.224962   0.00980176             32       10            20.6968     0.284902   1.58418   1.24779 │
│ train_affinity_pipeline_5ef64_00002   TERMINATED            256    0.157053   0.00241595            128       40            23.2796     0.3542     1.50547   1.16379 │
╰──────────────────────────────────────────────────────────────────────────────────────────────────────────────────────────────────────────────────────────────────────╯

Trial train_affinity_pipeline_5ef64_00003 completed after 10 iterations at 2026-10-02 13:21:43. Total running time: 2min 37s
╭──────────────────────────────────────────────────────────────╮
│ Trial train_affinity_pipeline_5ef64_00003 result             │
├──────────────────────────────────────────────────────────────┤
│ checkpoint_dir_name                                          │
│ time_this_iter_s                                     0.43376 │
│ time_total_s                                         16.9585 │
│ training_iteration                                        10 │
│ mae                                                  1.23632 │
│ r2_score                                             0.29228 │
│ rmse                                                 1.57598 │
╰──────────────────────────────────────────────────────────────╯

Trial train_affinity_pipeline_5ef64_00004 started with configuration:
╭──────────────────────────────────────────────────────────────╮
│ Trial train_affinity_pipeline_5ef64_00004 config             │
├──────────────────────────────────────────────────────────────┤
│ batch_size                                                64 │
│ dropout                                              0.15451 │
│ hidden_dim                                              1024 │
│ lr                                                   0.00469 │
╰──────────────────────────────────────────────────────────────╯
[36m(train_affinity_pipeline pid=1158018)[0m Worker running on: cuda
[36m(train_affinity_pipeline pid=1158018)[0m GPU Name: AMD Instinct MI250X

Trial status: 4 TERMINATED | 1 RUNNING
Current time: 2026-10-02 13:22:06. Total running time: 3min 0s
Logical resource usage: 2.0/16 CPUs, 1.0/1 GPUs (0.0/1.0 accelerator_type:AMD-Instinct-MI250X)
╭──────────────────────────────────────────────────────────────────────────────────────────────────────────────────────────────────────────────────────────────────────╮
│ Trial name                            status         hidden_dim     dropout           lr     batch_size     iter     total time (s)     r2_score      rmse       mae │
├──────────────────────────────────────────────────────────────────────────────────────────────────────────────────────────────────────────────────────────────────────┤
│ train_affinity_pipeline_5ef64_00004   RUNNING              1024    0.154512   0.00469128             64                                                              │
│ train_affinity_pipeline_5ef64_00000   TERMINATED           1024    0.396567   0.00029294             64       40            37.3962     0.354363   1.50528   1.16783 │
│ train_affinity_pipeline_5ef64_00001   TERMINATED           1024    0.224962   0.00980176             32       10            20.6968     0.284902   1.58418   1.24779 │
│ train_affinity_pipeline_5ef64_00002   TERMINATED            256    0.157053   0.00241595            128       40            23.2796     0.3542     1.50547   1.16379 │
│ train_affinity_pipeline_5ef64_00003   TERMINATED           1024    0.236658   0.00154025             64       10            16.9585     0.292283   1.57598   1.23632 │
╰──────────────────────────────────────────────────────────────────────────────────────────────────────────────────────────────────────────────────────────────────────╯

Trial train_affinity_pipeline_5ef64_00004 completed after 10 iterations at 2026-10-02 13:22:14. Total running time: 3min 8s
╭──────────────────────────────────────────────────────────────╮
│ Trial train_affinity_pipeline_5ef64_00004 result             │
├──────────────────────────────────────────────────────────────┤
│ checkpoint_dir_name                                          │
│ time_this_iter_s                                     0.43439 │
│ time_total_s                                         17.6277 │
│ training_iteration                                        10 │
│ mae                                                  1.28901 │
│ r2_score                                             0.23979 │
│ rmse                                                 1.63338 │
╰──────────────────────────────────────────────────────────────╯

Trial train_affinity_pipeline_5ef64_00005 started with configuration:
╭──────────────────────────────────────────────────────────────╮
│ Trial train_affinity_pipeline_5ef64_00005 config             │
├──────────────────────────────────────────────────────────────┤
│ batch_size                                               128 │
│ dropout                                              0.37826 │
│ hidden_dim                                              1024 │
│ lr                                                   0.00205 │
╰──────────────────────────────────────────────────────────────╯
[36m(train_affinity_pipeline pid=1158116)[0m Worker running on: cuda
[36m(train_affinity_pipeline pid=1158116)[0m GPU Name: AMD Instinct MI250X

Trial status: 5 TERMINATED | 1 RUNNING
Current time: 2026-10-02 13:22:36. Total running time: 3min 30s
Logical resource usage: 2.0/16 CPUs, 1.0/1 GPUs (0.0/1.0 accelerator_type:AMD-Instinct-MI250X)
╭──────────────────────────────────────────────────────────────────────────────────────────────────────────────────────────────────────────────────────────────────────╮
│ Trial name                            status         hidden_dim     dropout           lr     batch_size     iter     total time (s)     r2_score      rmse       mae │
├──────────────────────────────────────────────────────────────────────────────────────────────────────────────────────────────────────────────────────────────────────┤
│ train_affinity_pipeline_5ef64_00005   RUNNING              1024    0.378258   0.00204562            128                                                              │
│ train_affinity_pipeline_5ef64_00000   TERMINATED           1024    0.396567   0.00029294             64       40            37.3962     0.354363   1.50528   1.16783 │
│ train_affinity_pipeline_5ef64_00001   TERMINATED           1024    0.224962   0.00980176             32       10            20.6968     0.284902   1.58418   1.24779 │
│ train_affinity_pipeline_5ef64_00002   TERMINATED            256    0.157053   0.00241595            128       40            23.2796     0.3542     1.50547   1.16379 │
│ train_affinity_pipeline_5ef64_00003   TERMINATED           1024    0.236658   0.00154025             64       10            16.9585     0.292283   1.57598   1.23632 │
│ train_affinity_pipeline_5ef64_00004   TERMINATED           1024    0.154512   0.00469128             64       10            17.6277     0.239792   1.63338   1.28901 │
╰──────────────────────────────────────────────────────────────────────────────────────────────────────────────────────────────────────────────────────────────────────╯

Trial train_affinity_pipeline_5ef64_00005 completed after 20 iterations at 2026-10-02 13:22:44. Total running time: 3min 38s
╭──────────────────────────────────────────────────────────────╮
│ Trial train_affinity_pipeline_5ef64_00005 result             │
├──────────────────────────────────────────────────────────────┤
│ checkpoint_dir_name                                          │
│ time_this_iter_s                                     0.26607 │
│ time_total_s                                         18.0529 │
│ training_iteration                                        20 │
│ mae                                                  1.22431 │
│ r2_score                                             0.30962 │
│ rmse                                                 1.55657 │
╰──────────────────────────────────────────────────────────────╯

Trial train_affinity_pipeline_5ef64_00006 started with configuration:
╭──────────────────────────────────────────────────────────────╮
│ Trial train_affinity_pipeline_5ef64_00006 config             │
├──────────────────────────────────────────────────────────────┤
│ batch_size                                                64 │
│ dropout                                              0.20133 │
│ hidden_dim                                              1024 │
│ lr                                                   0.00649 │
╰──────────────────────────────────────────────────────────────╯
[36m(train_affinity_pipeline pid=1158193)[0m Worker running on: cuda
[36m(train_affinity_pipeline pid=1158193)[0m GPU Name: AMD Instinct MI250X

Trial status: 6 TERMINATED | 1 RUNNING
Current time: 2026-10-02 13:23:06. Total running time: 4min 0s
Logical resource usage: 2.0/16 CPUs, 1.0/1 GPUs (0.0/1.0 accelerator_type:AMD-Instinct-MI250X)
╭──────────────────────────────────────────────────────────────────────────────────────────────────────────────────────────────────────────────────────────────────────╮
│ Trial name                            status         hidden_dim     dropout           lr     batch_size     iter     total time (s)     r2_score      rmse       mae │
├──────────────────────────────────────────────────────────────────────────────────────────────────────────────────────────────────────────────────────────────────────┤
│ train_affinity_pipeline_5ef64_00006   RUNNING              1024    0.201328   0.00648645             64                                                              │
│ train_affinity_pipeline_5ef64_00000   TERMINATED           1024    0.396567   0.00029294             64       40            37.3962     0.354363   1.50528   1.16783 │
│ train_affinity_pipeline_5ef64_00001   TERMINATED           1024    0.224962   0.00980176             32       10            20.6968     0.284902   1.58418   1.24779 │
│ train_affinity_pipeline_5ef64_00002   TERMINATED            256    0.157053   0.00241595            128       40            23.2796     0.3542     1.50547   1.16379 │
│ train_affinity_pipeline_5ef64_00003   TERMINATED           1024    0.236658   0.00154025             64       10            16.9585     0.292283   1.57598   1.23632 │
│ train_affinity_pipeline_5ef64_00004   TERMINATED           1024    0.154512   0.00469128             64       10            17.6277     0.239792   1.63338   1.28901 │
│ train_affinity_pipeline_5ef64_00005   TERMINATED           1024    0.378258   0.00204562            128       20            18.0529     0.309615   1.55657   1.22431 │
╰──────────────────────────────────────────────────────────────────────────────────────────────────────────────────────────────────────────────────────────────────────╯

Trial train_affinity_pipeline_5ef64_00006 completed after 10 iterations at 2026-10-02 13:23:12. Total running time: 4min 6s
╭──────────────────────────────────────────────────────────────╮
│ Trial train_affinity_pipeline_5ef64_00006 result             │
├──────────────────────────────────────────────────────────────┤
│ checkpoint_dir_name                                          │
│ time_this_iter_s                                     0.43053 │
│ time_total_s                                         16.8501 │
│ training_iteration                                        10 │
│ mae                                                  1.30454 │
│ r2_score                                             0.22355 │
│ rmse                                                 1.65074 │
╰──────────────────────────────────────────────────────────────╯

Trial train_affinity_pipeline_5ef64_00007 started with configuration:
╭──────────────────────────────────────────────────────────────╮
│ Trial train_affinity_pipeline_5ef64_00007 config             │
├──────────────────────────────────────────────────────────────┤
│ batch_size                                               128 │
│ dropout                                              0.26201 │
│ hidden_dim                                              1024 │
│ lr                                                   0.00149 │
╰──────────────────────────────────────────────────────────────╯
[36m(train_affinity_pipeline pid=1158293)[0m Worker running on: cuda
[36m(train_affinity_pipeline pid=1158293)[0m GPU Name: AMD Instinct MI250X

Trial status: 7 TERMINATED | 1 RUNNING
Current time: 2026-10-02 13:23:36. Total running time: 4min 30s
Logical resource usage: 2.0/16 CPUs, 1.0/1 GPUs (0.0/1.0 accelerator_type:AMD-Instinct-MI250X)
╭──────────────────────────────────────────────────────────────────────────────────────────────────────────────────────────────────────────────────────────────────────╮
│ Trial name                            status         hidden_dim     dropout           lr     batch_size     iter     total time (s)     r2_score      rmse       mae │
├──────────────────────────────────────────────────────────────────────────────────────────────────────────────────────────────────────────────────────────────────────┤
│ train_affinity_pipeline_5ef64_00007   RUNNING              1024    0.262006   0.00149219            128                                                              │
│ train_affinity_pipeline_5ef64_00000   TERMINATED           1024    0.396567   0.00029294             64       40            37.3962     0.354363   1.50528   1.16783 │
│ train_affinity_pipeline_5ef64_00001   TERMINATED           1024    0.224962   0.00980176             32       10            20.6968     0.284902   1.58418   1.24779 │
│ train_affinity_pipeline_5ef64_00002   TERMINATED            256    0.157053   0.00241595            128       40            23.2796     0.3542     1.50547   1.16379 │
│ train_affinity_pipeline_5ef64_00003   TERMINATED           1024    0.236658   0.00154025             64       10            16.9585     0.292283   1.57598   1.23632 │
│ train_affinity_pipeline_5ef64_00004   TERMINATED           1024    0.154512   0.00469128             64       10            17.6277     0.239792   1.63338   1.28901 │
│ train_affinity_pipeline_5ef64_00005   TERMINATED           1024    0.378258   0.00204562            128       20            18.0529     0.309615   1.55657   1.22431 │
│ train_affinity_pipeline_5ef64_00006   TERMINATED           1024    0.201328   0.00648645             64       10            16.8501     0.223552   1.65074   1.30454 │
╰──────────────────────────────────────────────────────────────────────────────────────────────────────────────────────────────────────────────────────────────────────╯

Trial train_affinity_pipeline_5ef64_00007 completed after 20 iterations at 2026-10-02 13:23:43. Total running time: 4min 37s
╭──────────────────────────────────────────────────────────────╮
│ Trial train_affinity_pipeline_5ef64_00007 result             │
├──────────────────────────────────────────────────────────────┤
│ checkpoint_dir_name                                          │
│ time_this_iter_s                                     0.27033 │
│ time_total_s                                         18.0412 │
│ training_iteration                                        20 │
│ mae                                                  1.18044 │
│ r2_score                                              0.3409 │
│ rmse                                                 1.52089 │
╰──────────────────────────────────────────────────────────────╯

Trial train_affinity_pipeline_5ef64_00008 started with configuration:
╭──────────────────────────────────────────────────────────────╮
│ Trial train_affinity_pipeline_5ef64_00008 config             │
├──────────────────────────────────────────────────────────────┤
│ batch_size                                                64 │
│ dropout                                              0.26942 │
│ hidden_dim                                              1024 │
│ lr                                                   0.00012 │
╰──────────────────────────────────────────────────────────────╯
[36m(train_affinity_pipeline pid=1158374)[0m Worker running on: cuda
[36m(train_affinity_pipeline pid=1158374)[0m GPU Name: AMD Instinct MI250X

Trial status: 8 TERMINATED | 1 RUNNING
Current time: 2026-10-02 13:24:06. Total running time: 5min 0s
Logical resource usage: 2.0/16 CPUs, 1.0/1 GPUs (0.0/1.0 accelerator_type:AMD-Instinct-MI250X)
╭───────────────────────────────────────────────────────────────────────────────────────────────────────────────────────────────────────────────────────────────────────╮
│ Trial name                            status         hidden_dim     dropout            lr     batch_size     iter     total time (s)     r2_score      rmse       mae │
├───────────────────────────────────────────────────────────────────────────────────────────────────────────────────────────────────────────────────────────────────────┤
│ train_affinity_pipeline_5ef64_00008   RUNNING              1024    0.269425   0.000116328             64                                                              │
│ train_affinity_pipeline_5ef64_00000   TERMINATED           1024    0.396567   0.00029294              64       40            37.3962     0.354363   1.50528   1.16783 │
│ train_affinity_pipeline_5ef64_00001   TERMINATED           1024    0.224962   0.00980176              32       10            20.6968     0.284902   1.58418   1.24779 │
│ train_affinity_pipeline_5ef64_00002   TERMINATED            256    0.157053   0.00241595             128       40            23.2796     0.3542     1.50547   1.16379 │
│ train_affinity_pipeline_5ef64_00003   TERMINATED           1024    0.236658   0.00154025              64       10            16.9585     0.292283   1.57598   1.23632 │
│ train_affinity_pipeline_5ef64_00004   TERMINATED           1024    0.154512   0.00469128              64       10            17.6277     0.239792   1.63338   1.28901 │
│ train_affinity_pipeline_5ef64_00005   TERMINATED           1024    0.378258   0.00204562             128       20            18.0529     0.309615   1.55657   1.22431 │
│ train_affinity_pipeline_5ef64_00006   TERMINATED           1024    0.201328   0.00648645              64       10            16.8501     0.223552   1.65074   1.30454 │
│ train_affinity_pipeline_5ef64_00007   TERMINATED           1024    0.262006   0.00149219             128       20            18.0412     0.340903   1.52089   1.18044 │
╰───────────────────────────────────────────────────────────────────────────────────────────────────────────────────────────────────────────────────────────────────────╯

Trial train_affinity_pipeline_5ef64_00008 completed after 20 iterations at 2026-10-02 13:24:19. Total running time: 5min 13s
╭──────────────────────────────────────────────────────────────╮
│ Trial train_affinity_pipeline_5ef64_00008 result             │
├──────────────────────────────────────────────────────────────┤
│ checkpoint_dir_name                                          │
│ time_this_iter_s                                     0.43767 │
│ time_total_s                                         22.2356 │
│ training_iteration                                        20 │
│ mae                                                  1.18443 │
│ r2_score                                             0.33919 │
│ rmse                                                 1.52286 │
╰──────────────────────────────────────────────────────────────╯

Trial train_affinity_pipeline_5ef64_00009 started with configuration:
╭──────────────────────────────────────────────────────────────╮
│ Trial train_affinity_pipeline_5ef64_00009 config             │
├──────────────────────────────────────────────────────────────┤
│ batch_size                                                64 │
│ dropout                                              0.11568 │
│ hidden_dim                                              1024 │
│ lr                                                   0.00198 │
╰──────────────────────────────────────────────────────────────╯
[36m(train_affinity_pipeline pid=1158474)[0m Worker running on: cuda
[36m(train_affinity_pipeline pid=1158474)[0m GPU Name: AMD Instinct MI250X

Trial status: 9 TERMINATED | 1 RUNNING
Current time: 2026-10-02 13:24:36. Total running time: 5min 30s
Logical resource usage: 2.0/16 CPUs, 1.0/1 GPUs (0.0/1.0 accelerator_type:AMD-Instinct-MI250X)
╭───────────────────────────────────────────────────────────────────────────────────────────────────────────────────────────────────────────────────────────────────────╮
│ Trial name                            status         hidden_dim     dropout            lr     batch_size     iter     total time (s)     r2_score      rmse       mae │
├───────────────────────────────────────────────────────────────────────────────────────────────────────────────────────────────────────────────────────────────────────┤
│ train_affinity_pipeline_5ef64_00009   RUNNING              1024    0.115679   0.0019793               64                                                              │
│ train_affinity_pipeline_5ef64_00000   TERMINATED           1024    0.396567   0.00029294              64       40            37.3962     0.354363   1.50528   1.16783 │
│ train_affinity_pipeline_5ef64_00001   TERMINATED           1024    0.224962   0.00980176              32       10            20.6968     0.284902   1.58418   1.24779 │
│ train_affinity_pipeline_5ef64_00002   TERMINATED            256    0.157053   0.00241595             128       40            23.2796     0.3542     1.50547   1.16379 │
│ train_affinity_pipeline_5ef64_00003   TERMINATED           1024    0.236658   0.00154025              64       10            16.9585     0.292283   1.57598   1.23632 │
│ train_affinity_pipeline_5ef64_00004   TERMINATED           1024    0.154512   0.00469128              64       10            17.6277     0.239792   1.63338   1.28901 │
│ train_affinity_pipeline_5ef64_00005   TERMINATED           1024    0.378258   0.00204562             128       20            18.0529     0.309615   1.55657   1.22431 │
│ train_affinity_pipeline_5ef64_00006   TERMINATED           1024    0.201328   0.00648645              64       10            16.8501     0.223552   1.65074   1.30454 │
│ train_affinity_pipeline_5ef64_00007   TERMINATED           1024    0.262006   0.00149219             128       20            18.0412     0.340903   1.52089   1.18044 │
│ train_affinity_pipeline_5ef64_00008   TERMINATED           1024    0.269425   0.000116328             64       20            22.2356     0.339194   1.52286   1.18443 │
╰───────────────────────────────────────────────────────────────────────────────────────────────────────────────────────────────────────────────────────────────────────╯

Trial train_affinity_pipeline_5ef64_00009 completed after 10 iterations at 2026-10-02 13:24:49. Total running time: 5min 43s
╭──────────────────────────────────────────────────────────────╮
│ Trial train_affinity_pipeline_5ef64_00009 result             │
├──────────────────────────────────────────────────────────────┤
│ checkpoint_dir_name                                          │
│ time_this_iter_s                                     0.43001 │
│ time_total_s                                         16.7883 │
│ training_iteration                                        10 │
│ mae                                                   1.2432 │
│ r2_score                                             0.28382 │
│ rmse                                                 1.58538 │
╰──────────────────────────────────────────────────────────────╯

Trial train_affinity_pipeline_5ef64_00010 started with configuration:
╭──────────────────────────────────────────────────────────────╮
│ Trial train_affinity_pipeline_5ef64_00010 config             │
├──────────────────────────────────────────────────────────────┤
│ batch_size                                                32 │
│ dropout                                              0.12072 │
│ hidden_dim                                              1024 │
│ lr                                                   0.00082 │
╰──────────────────────────────────────────────────────────────╯
[36m(train_affinity_pipeline pid=1158572)[0m Worker running on: cuda
[36m(train_affinity_pipeline pid=1158572)[0m GPU Name: AMD Instinct MI250X

Trial status: 10 TERMINATED | 1 RUNNING
Current time: 2026-10-02 13:25:06. Total running time: 6min 0s
Logical resource usage: 2.0/16 CPUs, 1.0/1 GPUs (0.0/1.0 accelerator_type:AMD-Instinct-MI250X)
╭───────────────────────────────────────────────────────────────────────────────────────────────────────────────────────────────────────────────────────────────────────╮
│ Trial name                            status         hidden_dim     dropout            lr     batch_size     iter     total time (s)     r2_score      rmse       mae │
├───────────────────────────────────────────────────────────────────────────────────────────────────────────────────────────────────────────────────────────────────────┤
│ train_affinity_pipeline_5ef64_00010   RUNNING              1024    0.120716   0.000820634             32                                                              │
│ train_affinity_pipeline_5ef64_00000   TERMINATED           1024    0.396567   0.00029294              64       40            37.3962     0.354363   1.50528   1.16783 │
│ train_affinity_pipeline_5ef64_00001   TERMINATED           1024    0.224962   0.00980176              32       10            20.6968     0.284902   1.58418   1.24779 │
│ train_affinity_pipeline_5ef64_00002   TERMINATED            256    0.157053   0.00241595             128       40            23.2796     0.3542     1.50547   1.16379 │
│ train_affinity_pipeline_5ef64_00003   TERMINATED           1024    0.236658   0.00154025              64       10            16.9585     0.292283   1.57598   1.23632 │
│ train_affinity_pipeline_5ef64_00004   TERMINATED           1024    0.154512   0.00469128              64       10            17.6277     0.239792   1.63338   1.28901 │
│ train_affinity_pipeline_5ef64_00005   TERMINATED           1024    0.378258   0.00204562             128       20            18.0529     0.309615   1.55657   1.22431 │
│ train_affinity_pipeline_5ef64_00006   TERMINATED           1024    0.201328   0.00648645              64       10            16.8501     0.223552   1.65074   1.30454 │
│ train_affinity_pipeline_5ef64_00007   TERMINATED           1024    0.262006   0.00149219             128       20            18.0412     0.340903   1.52089   1.18044 │
│ train_affinity_pipeline_5ef64_00008   TERMINATED           1024    0.269425   0.000116328             64       20            22.2356     0.339194   1.52286   1.18443 │
│ train_affinity_pipeline_5ef64_00009   TERMINATED           1024    0.115679   0.0019793               64       10            16.7883     0.283817   1.58538   1.2432  │
╰───────────────────────────────────────────────────────────────────────────────────────────────────────────────────────────────────────────────────────────────────────╯

Trial train_affinity_pipeline_5ef64_00010 completed after 20 iterations at 2026-10-02 13:25:28. Total running time: 6min 22s
╭──────────────────────────────────────────────────────────────╮
│ Trial train_affinity_pipeline_5ef64_00010 result             │
├──────────────────────────────────────────────────────────────┤
│ checkpoint_dir_name                                          │
│ time_this_iter_s                                     0.74655 │
│ time_total_s                                          27.494 │
│ training_iteration                                        20 │
│ mae                                                  1.20673 │
│ r2_score                                             0.32184 │
│ rmse                                                 1.54272 │
╰──────────────────────────────────────────────────────────────╯

Trial status: 11 TERMINATED | 1 PENDING
Current time: 2026-10-02 13:25:36. Total running time: 6min 30s
Logical resource usage: 2.0/16 CPUs, 1.0/1 GPUs (0.0/1.0 accelerator_type:AMD-Instinct-MI250X)
╭───────────────────────────────────────────────────────────────────────────────────────────────────────────────────────────────────────────────────────────────────────╮
│ Trial name                            status         hidden_dim     dropout            lr     batch_size     iter     total time (s)     r2_score      rmse       mae │
├───────────────────────────────────────────────────────────────────────────────────────────────────────────────────────────────────────────────────────────────────────┤
│ train_affinity_pipeline_5ef64_00000   TERMINATED           1024    0.396567   0.00029294              64       40            37.3962     0.354363   1.50528   1.16783 │
│ train_affinity_pipeline_5ef64_00001   TERMINATED           1024    0.224962   0.00980176              32       10            20.6968     0.284902   1.58418   1.24779 │
│ train_affinity_pipeline_5ef64_00002   TERMINATED            256    0.157053   0.00241595             128       40            23.2796     0.3542     1.50547   1.16379 │
│ train_affinity_pipeline_5ef64_00003   TERMINATED           1024    0.236658   0.00154025              64       10            16.9585     0.292283   1.57598   1.23632 │
│ train_affinity_pipeline_5ef64_00004   TERMINATED           1024    0.154512   0.00469128              64       10            17.6277     0.239792   1.63338   1.28901 │
│ train_affinity_pipeline_5ef64_00005   TERMINATED           1024    0.378258   0.00204562             128       20            18.0529     0.309615   1.55657   1.22431 │
│ train_affinity_pipeline_5ef64_00006   TERMINATED           1024    0.201328   0.00648645              64       10            16.8501     0.223552   1.65074   1.30454 │
│ train_affinity_pipeline_5ef64_00007   TERMINATED           1024    0.262006   0.00149219             128       20            18.0412     0.340903   1.52089   1.18044 │
│ train_affinity_pipeline_5ef64_00008   TERMINATED           1024    0.269425   0.000116328             64       20            22.2356     0.339194   1.52286   1.18443 │
│ train_affinity_pipeline_5ef64_00009   TERMINATED           1024    0.115679   0.0019793               64       10            16.7883     0.283817   1.58538   1.2432  │
│ train_affinity_pipeline_5ef64_00010   TERMINATED           1024    0.120716   0.000820634             32       20            27.4939     0.32184    1.54272   1.20673 │
│ train_affinity_pipeline_5ef64_00011   PENDING               512    0.162076   0.00108608              64                                                              │
╰───────────────────────────────────────────────────────────────────────────────────────────────────────────────────────────────────────────────────────────────────────╯

Trial train_affinity_pipeline_5ef64_00011 started with configuration:
╭──────────────────────────────────────────────────────────────╮
│ Trial train_affinity_pipeline_5ef64_00011 config             │
├──────────────────────────────────────────────────────────────┤
│ batch_size                                                64 │
│ dropout                                              0.16208 │
│ hidden_dim                                               512 │
│ lr                                                   0.00109 │
╰──────────────────────────────────────────────────────────────╯
[36m(train_affinity_pipeline pid=1158651)[0m Worker running on: cuda
[36m(train_affinity_pipeline pid=1158651)[0m GPU Name: AMD Instinct MI250X

Trial train_affinity_pipeline_5ef64_00011 completed after 20 iterations at 2026-10-02 13:26:03. Total running time: 6min 58s
╭──────────────────────────────────────────────────────────────╮
│ Trial train_affinity_pipeline_5ef64_00011 result             │
├──────────────────────────────────────────────────────────────┤
│ checkpoint_dir_name                                          │
│ time_this_iter_s                                     0.43171 │
│ time_total_s                                         21.6521 │
│ training_iteration                                        20 │
│ mae                                                  1.18847 │
│ r2_score                                             0.33525 │
│ rmse                                                 1.52739 │
╰──────────────────────────────────────────────────────────────╯

Trial status: 12 TERMINATED | 1 PENDING
Current time: 2026-10-02 13:26:06. Total running time: 7min 0s
Logical resource usage: 2.0/16 CPUs, 1.0/1 GPUs (0.0/1.0 accelerator_type:AMD-Instinct-MI250X)
╭───────────────────────────────────────────────────────────────────────────────────────────────────────────────────────────────────────────────────────────────────────╮
│ Trial name                            status         hidden_dim     dropout            lr     batch_size     iter     total time (s)     r2_score      rmse       mae │
├───────────────────────────────────────────────────────────────────────────────────────────────────────────────────────────────────────────────────────────────────────┤
│ train_affinity_pipeline_5ef64_00000   TERMINATED           1024    0.396567   0.00029294              64       40            37.3962     0.354363   1.50528   1.16783 │
│ train_affinity_pipeline_5ef64_00001   TERMINATED           1024    0.224962   0.00980176              32       10            20.6968     0.284902   1.58418   1.24779 │
│ train_affinity_pipeline_5ef64_00002   TERMINATED            256    0.157053   0.00241595             128       40            23.2796     0.3542     1.50547   1.16379 │
│ train_affinity_pipeline_5ef64_00003   TERMINATED           1024    0.236658   0.00154025              64       10            16.9585     0.292283   1.57598   1.23632 │
│ train_affinity_pipeline_5ef64_00004   TERMINATED           1024    0.154512   0.00469128              64       10            17.6277     0.239792   1.63338   1.28901 │
│ train_affinity_pipeline_5ef64_00005   TERMINATED           1024    0.378258   0.00204562             128       20            18.0529     0.309615   1.55657   1.22431 │
│ train_affinity_pipeline_5ef64_00006   TERMINATED           1024    0.201328   0.00648645              64       10            16.8501     0.223552   1.65074   1.30454 │
│ train_affinity_pipeline_5ef64_00007   TERMINATED           1024    0.262006   0.00149219             128       20            18.0412     0.340903   1.52089   1.18044 │
│ train_affinity_pipeline_5ef64_00008   TERMINATED           1024    0.269425   0.000116328             64       20            22.2356     0.339194   1.52286   1.18443 │
│ train_affinity_pipeline_5ef64_00009   TERMINATED           1024    0.115679   0.0019793               64       10            16.7883     0.283817   1.58538   1.2432  │
│ train_affinity_pipeline_5ef64_00010   TERMINATED           1024    0.120716   0.000820634             32       20            27.4939     0.32184    1.54272   1.20673 │
│ train_affinity_pipeline_5ef64_00011   TERMINATED            512    0.162076   0.00108608              64       20            21.6521     0.335254   1.52739   1.18847 │
│ train_affinity_pipeline_5ef64_00012   PENDING              1024    0.390618   0.000142755             32                                                              │
╰───────────────────────────────────────────────────────────────────────────────────────────────────────────────────────────────────────────────────────────────────────╯

Trial train_affinity_pipeline_5ef64_00012 started with configuration:
╭──────────────────────────────────────────────────────────────╮
│ Trial train_affinity_pipeline_5ef64_00012 config             │
├──────────────────────────────────────────────────────────────┤
│ batch_size                                                32 │
│ dropout                                              0.39062 │
│ hidden_dim                                              1024 │
│ lr                                                   0.00014 │
╰──────────────────────────────────────────────────────────────╯
[36m(train_affinity_pipeline pid=1158750)[0m Worker running on: cuda
[36m(train_affinity_pipeline pid=1158750)[0m GPU Name: AMD Instinct MI250X

Trial train_affinity_pipeline_5ef64_00012 completed after 10 iterations at 2026-10-02 13:26:36. Total running time: 7min 30s
╭──────────────────────────────────────────────────────────────╮
│ Trial train_affinity_pipeline_5ef64_00012 result             │
├──────────────────────────────────────────────────────────────┤
│ checkpoint_dir_name                                          │
│ time_this_iter_s                                     0.73837 │
│ time_total_s                                         19.8116 │
│ training_iteration                                        10 │
│ mae                                                  1.24045 │
│ r2_score                                             0.28959 │
│ rmse                                                 1.57898 │
╰──────────────────────────────────────────────────────────────╯

Trial status: 13 TERMINATED
Current time: 2026-10-02 13:26:36. Total running time: 7min 30s
Logical resource usage: 2.0/16 CPUs, 1.0/1 GPUs (0.0/1.0 accelerator_type:AMD-Instinct-MI250X)
╭───────────────────────────────────────────────────────────────────────────────────────────────────────────────────────────────────────────────────────────────────────╮
│ Trial name                            status         hidden_dim     dropout            lr     batch_size     iter     total time (s)     r2_score      rmse       mae │
├───────────────────────────────────────────────────────────────────────────────────────────────────────────────────────────────────────────────────────────────────────┤
│ train_affinity_pipeline_5ef64_00000   TERMINATED           1024    0.396567   0.00029294              64       40            37.3962     0.354363   1.50528   1.16783 │
│ train_affinity_pipeline_5ef64_00001   TERMINATED           1024    0.224962   0.00980176              32       10            20.6968     0.284902   1.58418   1.24779 │
│ train_affinity_pipeline_5ef64_00002   TERMINATED            256    0.157053   0.00241595             128       40            23.2796     0.3542     1.50547   1.16379 │
│ train_affinity_pipeline_5ef64_00003   TERMINATED           1024    0.236658   0.00154025              64       10            16.9585     0.292283   1.57598   1.23632 │
│ train_affinity_pipeline_5ef64_00004   TERMINATED           1024    0.154512   0.00469128              64       10            17.6277     0.239792   1.63338   1.28901 │
│ train_affinity_pipeline_5ef64_00005   TERMINATED           1024    0.378258   0.00204562             128       20            18.0529     0.309615   1.55657   1.22431 │
│ train_affinity_pipeline_5ef64_00006   TERMINATED           1024    0.201328   0.00648645              64       10            16.8501     0.223552   1.65074   1.30454 │
│ train_affinity_pipeline_5ef64_00007   TERMINATED           1024    0.262006   0.00149219             128       20            18.0412     0.340903   1.52089   1.18044 │
│ train_affinity_pipeline_5ef64_00008   TERMINATED           1024    0.269425   0.000116328             64       20            22.2356     0.339194   1.52286   1.18443 │
│ train_affinity_pipeline_5ef64_00009   TERMINATED           1024    0.115679   0.0019793               64       10            16.7883     0.283817   1.58538   1.2432  │
│ train_affinity_pipeline_5ef64_00010   TERMINATED           1024    0.120716   0.000820634             32       20            27.4939     0.32184    1.54272   1.20673 │
│ train_affinity_pipeline_5ef64_00011   TERMINATED            512    0.162076   0.00108608              64       20            21.6521     0.335254   1.52739   1.18847 │
│ train_affinity_pipeline_5ef64_00012   TERMINATED           1024    0.390618   0.000142755             32       10            19.8116     0.289589   1.57898   1.24045 │
╰───────────────────────────────────────────────────────────────────────────────────────────────────────────────────────────────────────────────────────────────────────╯

Trial train_affinity_pipeline_5ef64_00013 started with configuration:
╭──────────────────────────────────────────────────────────────╮
│ Trial train_affinity_pipeline_5ef64_00013 config             │
├──────────────────────────────────────────────────────────────┤
│ batch_size                                               128 │
│ dropout                                              0.13361 │
│ hidden_dim                                               512 │
│ lr                                                   0.00193 │
╰──────────────────────────────────────────────────────────────╯
[36m(train_affinity_pipeline pid=1158828)[0m Worker running on: cuda
[36m(train_affinity_pipeline pid=1158828)[0m GPU Name: AMD Instinct MI250X

Trial status: 13 TERMINATED | 1 RUNNING
Current time: 2026-10-02 13:27:06. Total running time: 8min 0s
Logical resource usage: 2.0/16 CPUs, 1.0/1 GPUs (0.0/1.0 accelerator_type:AMD-Instinct-MI250X)
╭───────────────────────────────────────────────────────────────────────────────────────────────────────────────────────────────────────────────────────────────────────╮
│ Trial name                            status         hidden_dim     dropout            lr     batch_size     iter     total time (s)     r2_score      rmse       mae │
├───────────────────────────────────────────────────────────────────────────────────────────────────────────────────────────────────────────────────────────────────────┤
│ train_affinity_pipeline_5ef64_00013   RUNNING               512    0.133607   0.00193274             128        7            14.6356     0.326721   1.53716   1.19713 │
│ train_affinity_pipeline_5ef64_00000   TERMINATED           1024    0.396567   0.00029294              64       40            37.3962     0.354363   1.50528   1.16783 │
│ train_affinity_pipeline_5ef64_00001   TERMINATED           1024    0.224962   0.00980176              32       10            20.6968     0.284902   1.58418   1.24779 │
│ train_affinity_pipeline_5ef64_00002   TERMINATED            256    0.157053   0.00241595             128       40            23.2796     0.3542     1.50547   1.16379 │
│ train_affinity_pipeline_5ef64_00003   TERMINATED           1024    0.236658   0.00154025              64       10            16.9585     0.292283   1.57598   1.23632 │
│ train_affinity_pipeline_5ef64_00004   TERMINATED           1024    0.154512   0.00469128              64       10            17.6277     0.239792   1.63338   1.28901 │
│ train_affinity_pipeline_5ef64_00005   TERMINATED           1024    0.378258   0.00204562             128       20            18.0529     0.309615   1.55657   1.22431 │
│ train_affinity_pipeline_5ef64_00006   TERMINATED           1024    0.201328   0.00648645              64       10            16.8501     0.223552   1.65074   1.30454 │
│ train_affinity_pipeline_5ef64_00007   TERMINATED           1024    0.262006   0.00149219             128       20            18.0412     0.340903   1.52089   1.18044 │
│ train_affinity_pipeline_5ef64_00008   TERMINATED           1024    0.269425   0.000116328             64       20            22.2356     0.339194   1.52286   1.18443 │
│ train_affinity_pipeline_5ef64_00009   TERMINATED           1024    0.115679   0.0019793               64       10            16.7883     0.283817   1.58538   1.2432  │
│ train_affinity_pipeline_5ef64_00010   TERMINATED           1024    0.120716   0.000820634             32       20            27.4939     0.32184    1.54272   1.20673 │
│ train_affinity_pipeline_5ef64_00011   TERMINATED            512    0.162076   0.00108608              64       20            21.6521     0.335254   1.52739   1.18847 │
│ train_affinity_pipeline_5ef64_00012   TERMINATED           1024    0.390618   0.000142755             32       10            19.8116     0.289589   1.57898   1.24045 │
╰───────────────────────────────────────────────────────────────────────────────────────────────────────────────────────────────────────────────────────────────────────╯

Trial train_affinity_pipeline_5ef64_00013 completed after 40 iterations at 2026-10-02 13:27:15. Total running time: 8min 9s
╭──────────────────────────────────────────────────────────────╮
│ Trial train_affinity_pipeline_5ef64_00013 result             │
├──────────────────────────────────────────────────────────────┤
│ checkpoint_dir_name                                          │
│ time_this_iter_s                                     0.27454 │
│ time_total_s                                          23.562 │
│ training_iteration                                        40 │
│ mae                                                  1.17288 │
│ r2_score                                             0.35146 │
│ rmse                                                 1.50865 │
╰──────────────────────────────────────────────────────────────╯

Trial train_affinity_pipeline_5ef64_00014 started with configuration:
╭──────────────────────────────────────────────────────────────╮
│ Trial train_affinity_pipeline_5ef64_00014 config             │
├──────────────────────────────────────────────────────────────┤
│ batch_size                                                64 │
│ dropout                                              0.25635 │
│ hidden_dim                                               256 │
│ lr                                                   0.00292 │
╰──────────────────────────────────────────────────────────────╯
[36m(train_affinity_pipeline pid=1158928)[0m Worker running on: cuda
[36m(train_affinity_pipeline pid=1158928)[0m GPU Name: AMD Instinct MI250X

Trial status: 14 TERMINATED | 1 RUNNING
Current time: 2026-10-02 13:27:36. Total running time: 8min 30s
Logical resource usage: 2.0/16 CPUs, 1.0/1 GPUs (0.0/1.0 accelerator_type:AMD-Instinct-MI250X)
╭───────────────────────────────────────────────────────────────────────────────────────────────────────────────────────────────────────────────────────────────────────╮
│ Trial name                            status         hidden_dim     dropout            lr     batch_size     iter     total time (s)     r2_score      rmse       mae │
├───────────────────────────────────────────────────────────────────────────────────────────────────────────────────────────────────────────────────────────────────────┤
│ train_affinity_pipeline_5ef64_00014   RUNNING               256    0.256346   0.00291942              64                                                              │
│ train_affinity_pipeline_5ef64_00000   TERMINATED           1024    0.396567   0.00029294              64       40            37.3962     0.354363   1.50528   1.16783 │
│ train_affinity_pipeline_5ef64_00001   TERMINATED           1024    0.224962   0.00980176              32       10            20.6968     0.284902   1.58418   1.24779 │
│ train_affinity_pipeline_5ef64_00002   TERMINATED            256    0.157053   0.00241595             128       40            23.2796     0.3542     1.50547   1.16379 │
│ train_affinity_pipeline_5ef64_00003   TERMINATED           1024    0.236658   0.00154025              64       10            16.9585     0.292283   1.57598   1.23632 │
│ train_affinity_pipeline_5ef64_00004   TERMINATED           1024    0.154512   0.00469128              64       10            17.6277     0.239792   1.63338   1.28901 │
│ train_affinity_pipeline_5ef64_00005   TERMINATED           1024    0.378258   0.00204562             128       20            18.0529     0.309615   1.55657   1.22431 │
│ train_affinity_pipeline_5ef64_00006   TERMINATED           1024    0.201328   0.00648645              64       10            16.8501     0.223552   1.65074   1.30454 │
│ train_affinity_pipeline_5ef64_00007   TERMINATED           1024    0.262006   0.00149219             128       20            18.0412     0.340903   1.52089   1.18044 │
│ train_affinity_pipeline_5ef64_00008   TERMINATED           1024    0.269425   0.000116328             64       20            22.2356     0.339194   1.52286   1.18443 │
│ train_affinity_pipeline_5ef64_00009   TERMINATED           1024    0.115679   0.0019793               64       10            16.7883     0.283817   1.58538   1.2432  │
│ train_affinity_pipeline_5ef64_00010   TERMINATED           1024    0.120716   0.000820634             32       20            27.4939     0.32184    1.54272   1.20673 │
│ train_affinity_pipeline_5ef64_00011   TERMINATED            512    0.162076   0.00108608              64       20            21.6521     0.335254   1.52739   1.18847 │
│ train_affinity_pipeline_5ef64_00012   TERMINATED           1024    0.390618   0.000142755             32       10            19.8116     0.289589   1.57898   1.24045 │
│ train_affinity_pipeline_5ef64_00013   TERMINATED            512    0.133607   0.00193274             128       40            23.562      0.351463   1.50865   1.17288 │
╰───────────────────────────────────────────────────────────────────────────────────────────────────────────────────────────────────────────────────────────────────────╯

Trial train_affinity_pipeline_5ef64_00014 completed after 10 iterations at 2026-10-02 13:27:45. Total running time: 8min 39s
╭──────────────────────────────────────────────────────────────╮
│ Trial train_affinity_pipeline_5ef64_00014 result             │
├──────────────────────────────────────────────────────────────┤
│ checkpoint_dir_name                                          │
│ time_this_iter_s                                     0.43132 │
│ time_total_s                                         17.3132 │
│ training_iteration                                        10 │
│ mae                                                  1.24285 │
│ r2_score                                             0.28358 │
│ rmse                                                 1.58564 │
╰──────────────────────────────────────────────────────────────╯

Trial train_affinity_pipeline_5ef64_00015 started with configuration:
╭──────────────────────────────────────────────────────────────╮
│ Trial train_affinity_pipeline_5ef64_00015 config             │
├──────────────────────────────────────────────────────────────┤
│ batch_size                                                32 │
│ dropout                                               0.1379 │
│ hidden_dim                                               256 │
│ lr                                                   0.00255 │
╰──────────────────────────────────────────────────────────────╯
[36m(train_affinity_pipeline pid=1159008)[0m Worker running on: cuda
[36m(train_affinity_pipeline pid=1159008)[0m GPU Name: AMD Instinct MI250X

Trial status: 15 TERMINATED | 1 RUNNING
Current time: 2026-10-02 13:28:06. Total running time: 9min 0s
Logical resource usage: 2.0/16 CPUs, 1.0/1 GPUs (0.0/1.0 accelerator_type:AMD-Instinct-MI250X)
╭───────────────────────────────────────────────────────────────────────────────────────────────────────────────────────────────────────────────────────────────────────╮
│ Trial name                            status         hidden_dim     dropout            lr     batch_size     iter     total time (s)     r2_score      rmse       mae │
├───────────────────────────────────────────────────────────────────────────────────────────────────────────────────────────────────────────────────────────────────────┤
│ train_affinity_pipeline_5ef64_00015   RUNNING               256    0.137899   0.00255137              32                                                              │
│ train_affinity_pipeline_5ef64_00000   TERMINATED           1024    0.396567   0.00029294              64       40            37.3962     0.354363   1.50528   1.16783 │
│ train_affinity_pipeline_5ef64_00001   TERMINATED           1024    0.224962   0.00980176              32       10            20.6968     0.284902   1.58418   1.24779 │
│ train_affinity_pipeline_5ef64_00002   TERMINATED            256    0.157053   0.00241595             128       40            23.2796     0.3542     1.50547   1.16379 │
│ train_affinity_pipeline_5ef64_00003   TERMINATED           1024    0.236658   0.00154025              64       10            16.9585     0.292283   1.57598   1.23632 │
│ train_affinity_pipeline_5ef64_00004   TERMINATED           1024    0.154512   0.00469128              64       10            17.6277     0.239792   1.63338   1.28901 │
│ train_affinity_pipeline_5ef64_00005   TERMINATED           1024    0.378258   0.00204562             128       20            18.0529     0.309615   1.55657   1.22431 │
│ train_affinity_pipeline_5ef64_00006   TERMINATED           1024    0.201328   0.00648645              64       10            16.8501     0.223552   1.65074   1.30454 │
│ train_affinity_pipeline_5ef64_00007   TERMINATED           1024    0.262006   0.00149219             128       20            18.0412     0.340903   1.52089   1.18044 │
│ train_affinity_pipeline_5ef64_00008   TERMINATED           1024    0.269425   0.000116328             64       20            22.2356     0.339194   1.52286   1.18443 │
│ train_affinity_pipeline_5ef64_00009   TERMINATED           1024    0.115679   0.0019793               64       10            16.7883     0.283817   1.58538   1.2432  │
│ train_affinity_pipeline_5ef64_00010   TERMINATED           1024    0.120716   0.000820634             32       20            27.4939     0.32184    1.54272   1.20673 │
│ train_affinity_pipeline_5ef64_00011   TERMINATED            512    0.162076   0.00108608              64       20            21.6521     0.335254   1.52739   1.18847 │
│ train_affinity_pipeline_5ef64_00012   TERMINATED           1024    0.390618   0.000142755             32       10            19.8116     0.289589   1.57898   1.24045 │
│ train_affinity_pipeline_5ef64_00013   TERMINATED            512    0.133607   0.00193274             128       40            23.562      0.351463   1.50865   1.17288 │
│ train_affinity_pipeline_5ef64_00014   TERMINATED            256    0.256346   0.00291942              64       10            17.3132     0.283584   1.58564   1.24285 │
╰───────────────────────────────────────────────────────────────────────────────────────────────────────────────────────────────────────────────────────────────────────╯

Trial train_affinity_pipeline_5ef64_00015 completed after 10 iterations at 2026-10-02 13:28:20. Total running time: 9min 14s
╭──────────────────────────────────────────────────────────────╮
│ Trial train_affinity_pipeline_5ef64_00015 result             │
├──────────────────────────────────────────────────────────────┤
│ checkpoint_dir_name                                          │
│ time_this_iter_s                                     0.73341 │
│ time_total_s                                         21.1821 │
│ training_iteration                                        10 │
│ mae                                                  1.22658 │
│ r2_score                                             0.30618 │
│ rmse                                                 1.56044 │
╰──────────────────────────────────────────────────────────────╯

Trial train_affinity_pipeline_5ef64_00016 started with configuration:
╭──────────────────────────────────────────────────────────────╮
│ Trial train_affinity_pipeline_5ef64_00016 config             │
├──────────────────────────────────────────────────────────────┤
│ batch_size                                               128 │
│ dropout                                               0.1469 │
│ hidden_dim                                               256 │
│ lr                                                   0.00087 │
╰──────────────────────────────────────────────────────────────╯
[36m(train_affinity_pipeline pid=1159108)[0m Worker running on: cuda
[36m(train_affinity_pipeline pid=1159108)[0m GPU Name: AMD Instinct MI250X

Trial status: 16 TERMINATED | 1 RUNNING
Current time: 2026-10-02 13:28:36. Total running time: 9min 30s
Logical resource usage: 2.0/16 CPUs, 1.0/1 GPUs (0.0/1.0 accelerator_type:AMD-Instinct-MI250X)
╭───────────────────────────────────────────────────────────────────────────────────────────────────────────────────────────────────────────────────────────────────────╮
│ Trial name                            status         hidden_dim     dropout            lr     batch_size     iter     total time (s)     r2_score      rmse       mae │
├───────────────────────────────────────────────────────────────────────────────────────────────────────────────────────────────────────────────────────────────────────┤
│ train_affinity_pipeline_5ef64_00016   RUNNING               256    0.146897   0.000869296            128                                                              │
│ train_affinity_pipeline_5ef64_00000   TERMINATED           1024    0.396567   0.00029294              64       40            37.3962     0.354363   1.50528   1.16783 │
│ train_affinity_pipeline_5ef64_00001   TERMINATED           1024    0.224962   0.00980176              32       10            20.6968     0.284902   1.58418   1.24779 │
│ train_affinity_pipeline_5ef64_00002   TERMINATED            256    0.157053   0.00241595             128       40            23.2796     0.3542     1.50547   1.16379 │
│ train_affinity_pipeline_5ef64_00003   TERMINATED           1024    0.236658   0.00154025              64       10            16.9585     0.292283   1.57598   1.23632 │
│ train_affinity_pipeline_5ef64_00004   TERMINATED           1024    0.154512   0.00469128              64       10            17.6277     0.239792   1.63338   1.28901 │
│ train_affinity_pipeline_5ef64_00005   TERMINATED           1024    0.378258   0.00204562             128       20            18.0529     0.309615   1.55657   1.22431 │
│ train_affinity_pipeline_5ef64_00006   TERMINATED           1024    0.201328   0.00648645              64       10            16.8501     0.223552   1.65074   1.30454 │
│ train_affinity_pipeline_5ef64_00007   TERMINATED           1024    0.262006   0.00149219             128       20            18.0412     0.340903   1.52089   1.18044 │
│ train_affinity_pipeline_5ef64_00008   TERMINATED           1024    0.269425   0.000116328             64       20            22.2356     0.339194   1.52286   1.18443 │
│ train_affinity_pipeline_5ef64_00009   TERMINATED           1024    0.115679   0.0019793               64       10            16.7883     0.283817   1.58538   1.2432  │
│ train_affinity_pipeline_5ef64_00010   TERMINATED           1024    0.120716   0.000820634             32       20            27.4939     0.32184    1.54272   1.20673 │
│ train_affinity_pipeline_5ef64_00011   TERMINATED            512    0.162076   0.00108608              64       20            21.6521     0.335254   1.52739   1.18847 │
│ train_affinity_pipeline_5ef64_00012   TERMINATED           1024    0.390618   0.000142755             32       10            19.8116     0.289589   1.57898   1.24045 │
│ train_affinity_pipeline_5ef64_00013   TERMINATED            512    0.133607   0.00193274             128       40            23.562      0.351463   1.50865   1.17288 │
│ train_affinity_pipeline_5ef64_00014   TERMINATED            256    0.256346   0.00291942              64       10            17.3132     0.283584   1.58564   1.24285 │
│ train_affinity_pipeline_5ef64_00015   TERMINATED            256    0.137899   0.00255137              32       10            21.1821     0.306177   1.56044   1.22658 │
╰───────────────────────────────────────────────────────────────────────────────────────────────────────────────────────────────────────────────────────────────────────╯

Trial train_affinity_pipeline_5ef64_00016 completed after 40 iterations at 2026-10-02 13:28:56. Total running time: 9min 50s
╭──────────────────────────────────────────────────────────────╮
│ Trial train_affinity_pipeline_5ef64_00016 result             │
├──────────────────────────────────────────────────────────────┤
│ checkpoint_dir_name                                          │
│ time_this_iter_s                                     0.25989 │
│ time_total_s                                         22.7019 │
│ training_iteration                                        40 │
│ mae                                                  1.14942 │
│ r2_score                                             0.36782 │
│ rmse                                                 1.48951 │
╰──────────────────────────────────────────────────────────────╯

Trial status: 17 TERMINATED | 1 PENDING
Current time: 2026-10-02 13:29:06. Total running time: 10min 0s
Logical resource usage: 2.0/16 CPUs, 1.0/1 GPUs (0.0/1.0 accelerator_type:AMD-Instinct-MI250X)
╭───────────────────────────────────────────────────────────────────────────────────────────────────────────────────────────────────────────────────────────────────────╮
│ Trial name                            status         hidden_dim     dropout            lr     batch_size     iter     total time (s)     r2_score      rmse       mae │
├───────────────────────────────────────────────────────────────────────────────────────────────────────────────────────────────────────────────────────────────────────┤
│ train_affinity_pipeline_5ef64_00000   TERMINATED           1024    0.396567   0.00029294              64       40            37.3962     0.354363   1.50528   1.16783 │
│ train_affinity_pipeline_5ef64_00001   TERMINATED           1024    0.224962   0.00980176              32       10            20.6968     0.284902   1.58418   1.24779 │
│ train_affinity_pipeline_5ef64_00002   TERMINATED            256    0.157053   0.00241595             128       40            23.2796     0.3542     1.50547   1.16379 │
│ train_affinity_pipeline_5ef64_00003   TERMINATED           1024    0.236658   0.00154025              64       10            16.9585     0.292283   1.57598   1.23632 │
│ train_affinity_pipeline_5ef64_00004   TERMINATED           1024    0.154512   0.00469128              64       10            17.6277     0.239792   1.63338   1.28901 │
│ train_affinity_pipeline_5ef64_00005   TERMINATED           1024    0.378258   0.00204562             128       20            18.0529     0.309615   1.55657   1.22431 │
│ train_affinity_pipeline_5ef64_00006   TERMINATED           1024    0.201328   0.00648645              64       10            16.8501     0.223552   1.65074   1.30454 │
│ train_affinity_pipeline_5ef64_00007   TERMINATED           1024    0.262006   0.00149219             128       20            18.0412     0.340903   1.52089   1.18044 │
│ train_affinity_pipeline_5ef64_00008   TERMINATED           1024    0.269425   0.000116328             64       20            22.2356     0.339194   1.52286   1.18443 │
│ train_affinity_pipeline_5ef64_00009   TERMINATED           1024    0.115679   0.0019793               64       10            16.7883     0.283817   1.58538   1.2432  │
│ train_affinity_pipeline_5ef64_00010   TERMINATED           1024    0.120716   0.000820634             32       20            27.4939     0.32184    1.54272   1.20673 │
│ train_affinity_pipeline_5ef64_00011   TERMINATED            512    0.162076   0.00108608              64       20            21.6521     0.335254   1.52739   1.18847 │
│ train_affinity_pipeline_5ef64_00012   TERMINATED           1024    0.390618   0.000142755             32       10            19.8116     0.289589   1.57898   1.24045 │
│ train_affinity_pipeline_5ef64_00013   TERMINATED            512    0.133607   0.00193274             128       40            23.562      0.351463   1.50865   1.17288 │
│ train_affinity_pipeline_5ef64_00014   TERMINATED            256    0.256346   0.00291942              64       10            17.3132     0.283584   1.58564   1.24285 │
│ train_affinity_pipeline_5ef64_00015   TERMINATED            256    0.137899   0.00255137              32       10            21.1821     0.306177   1.56044   1.22658 │
│ train_affinity_pipeline_5ef64_00016   TERMINATED            256    0.146897   0.000869296            128       40            22.7019     0.367819   1.48951   1.14942 │
│ train_affinity_pipeline_5ef64_00017   PENDING               256    0.111202   0.0018464               32                                                              │
╰───────────────────────────────────────────────────────────────────────────────────────────────────────────────────────────────────────────────────────────────────────╯

Trial train_affinity_pipeline_5ef64_00017 started with configuration:
╭──────────────────────────────────────────────────────────────╮
│ Trial train_affinity_pipeline_5ef64_00017 config             │
├──────────────────────────────────────────────────────────────┤
│ batch_size                                                32 │
│ dropout                                               0.1112 │
│ hidden_dim                                               256 │
│ lr                                                   0.00185 │
╰──────────────────────────────────────────────────────────────╯
[36m(train_affinity_pipeline pid=1159209)[0m Worker running on: cuda
[36m(train_affinity_pipeline pid=1159209)[0m GPU Name: AMD Instinct MI250X

Trial train_affinity_pipeline_5ef64_00017 completed after 20 iterations at 2026-10-02 13:29:36. Total running time: 10min 30s
╭──────────────────────────────────────────────────────────────╮
│ Trial train_affinity_pipeline_5ef64_00017 result             │
├──────────────────────────────────────────────────────────────┤
│ checkpoint_dir_name                                          │
│ time_this_iter_s                                     0.73823 │
│ time_total_s                                         27.6004 │
│ training_iteration                                        20 │
│ mae                                                  1.21308 │
│ r2_score                                             0.31551 │
│ rmse                                                 1.54991 │
╰──────────────────────────────────────────────────────────────╯

Trial status: 18 TERMINATED | 1 PENDING
Current time: 2026-10-02 13:29:36. Total running time: 10min 30s
Logical resource usage: 2.0/16 CPUs, 1.0/1 GPUs (0.0/1.0 accelerator_type:AMD-Instinct-MI250X)
╭───────────────────────────────────────────────────────────────────────────────────────────────────────────────────────────────────────────────────────────────────────╮
│ Trial name                            status         hidden_dim     dropout            lr     batch_size     iter     total time (s)     r2_score      rmse       mae │
├───────────────────────────────────────────────────────────────────────────────────────────────────────────────────────────────────────────────────────────────────────┤
│ train_affinity_pipeline_5ef64_00000   TERMINATED           1024    0.396567   0.00029294              64       40            37.3962     0.354363   1.50528   1.16783 │
│ train_affinity_pipeline_5ef64_00001   TERMINATED           1024    0.224962   0.00980176              32       10            20.6968     0.284902   1.58418   1.24779 │
│ train_affinity_pipeline_5ef64_00002   TERMINATED            256    0.157053   0.00241595             128       40            23.2796     0.3542     1.50547   1.16379 │
│ train_affinity_pipeline_5ef64_00003   TERMINATED           1024    0.236658   0.00154025              64       10            16.9585     0.292283   1.57598   1.23632 │
│ train_affinity_pipeline_5ef64_00004   TERMINATED           1024    0.154512   0.00469128              64       10            17.6277     0.239792   1.63338   1.28901 │
│ train_affinity_pipeline_5ef64_00005   TERMINATED           1024    0.378258   0.00204562             128       20            18.0529     0.309615   1.55657   1.22431 │
│ train_affinity_pipeline_5ef64_00006   TERMINATED           1024    0.201328   0.00648645              64       10            16.8501     0.223552   1.65074   1.30454 │
│ train_affinity_pipeline_5ef64_00007   TERMINATED           1024    0.262006   0.00149219             128       20            18.0412     0.340903   1.52089   1.18044 │
│ train_affinity_pipeline_5ef64_00008   TERMINATED           1024    0.269425   0.000116328             64       20            22.2356     0.339194   1.52286   1.18443 │
│ train_affinity_pipeline_5ef64_00009   TERMINATED           1024    0.115679   0.0019793               64       10            16.7883     0.283817   1.58538   1.2432  │
│ train_affinity_pipeline_5ef64_00010   TERMINATED           1024    0.120716   0.000820634             32       20            27.4939     0.32184    1.54272   1.20673 │
│ train_affinity_pipeline_5ef64_00011   TERMINATED            512    0.162076   0.00108608              64       20            21.6521     0.335254   1.52739   1.18847 │
│ train_affinity_pipeline_5ef64_00012   TERMINATED           1024    0.390618   0.000142755             32       10            19.8116     0.289589   1.57898   1.24045 │
│ train_affinity_pipeline_5ef64_00013   TERMINATED            512    0.133607   0.00193274             128       40            23.562      0.351463   1.50865   1.17288 │
│ train_affinity_pipeline_5ef64_00014   TERMINATED            256    0.256346   0.00291942              64       10            17.3132     0.283584   1.58564   1.24285 │
│ train_affinity_pipeline_5ef64_00015   TERMINATED            256    0.137899   0.00255137              32       10            21.1821     0.306177   1.56044   1.22658 │
│ train_affinity_pipeline_5ef64_00016   TERMINATED            256    0.146897   0.000869296            128       40            22.7019     0.367819   1.48951   1.14942 │
│ train_affinity_pipeline_5ef64_00017   TERMINATED            256    0.111202   0.0018464               32       20            27.6004     0.315512   1.54991   1.21308 │
│ train_affinity_pipeline_5ef64_00018   PENDING              1024    0.145397   0.00141988             128                                                              │
╰───────────────────────────────────────────────────────────────────────────────────────────────────────────────────────────────────────────────────────────────────────╯

Trial train_affinity_pipeline_5ef64_00018 started with configuration:
╭──────────────────────────────────────────────────────────────╮
│ Trial train_affinity_pipeline_5ef64_00018 config             │
├──────────────────────────────────────────────────────────────┤
│ batch_size                                               128 │
│ dropout                                               0.1454 │
│ hidden_dim                                              1024 │
│ lr                                                   0.00142 │
╰──────────────────────────────────────────────────────────────╯
[36m(train_affinity_pipeline pid=1159288)[0m Worker running on: cuda
[36m(train_affinity_pipeline pid=1159288)[0m GPU Name: AMD Instinct MI250X

Trial status: 18 TERMINATED | 1 RUNNING
Current time: 2026-10-02 13:30:06. Total running time: 11min 1s
Logical resource usage: 2.0/16 CPUs, 1.0/1 GPUs (0.0/1.0 accelerator_type:AMD-Instinct-MI250X)
╭───────────────────────────────────────────────────────────────────────────────────────────────────────────────────────────────────────────────────────────────────────╮
│ Trial name                            status         hidden_dim     dropout            lr     batch_size     iter     total time (s)     r2_score      rmse       mae │
├───────────────────────────────────────────────────────────────────────────────────────────────────────────────────────────────────────────────────────────────────────┤
│ train_affinity_pipeline_5ef64_00018   RUNNING              1024    0.145397   0.00141988             128       20            17.7771     0.343641   1.51772   1.17281 │
│ train_affinity_pipeline_5ef64_00000   TERMINATED           1024    0.396567   0.00029294              64       40            37.3962     0.354363   1.50528   1.16783 │
│ train_affinity_pipeline_5ef64_00001   TERMINATED           1024    0.224962   0.00980176              32       10            20.6968     0.284902   1.58418   1.24779 │
│ train_affinity_pipeline_5ef64_00002   TERMINATED            256    0.157053   0.00241595             128       40            23.2796     0.3542     1.50547   1.16379 │
│ train_affinity_pipeline_5ef64_00003   TERMINATED           1024    0.236658   0.00154025              64       10            16.9585     0.292283   1.57598   1.23632 │
│ train_affinity_pipeline_5ef64_00004   TERMINATED           1024    0.154512   0.00469128              64       10            17.6277     0.239792   1.63338   1.28901 │
│ train_affinity_pipeline_5ef64_00005   TERMINATED           1024    0.378258   0.00204562             128       20            18.0529     0.309615   1.55657   1.22431 │
│ train_affinity_pipeline_5ef64_00006   TERMINATED           1024    0.201328   0.00648645              64       10            16.8501     0.223552   1.65074   1.30454 │
│ train_affinity_pipeline_5ef64_00007   TERMINATED           1024    0.262006   0.00149219             128       20            18.0412     0.340903   1.52089   1.18044 │
│ train_affinity_pipeline_5ef64_00008   TERMINATED           1024    0.269425   0.000116328             64       20            22.2356     0.339194   1.52286   1.18443 │
│ train_affinity_pipeline_5ef64_00009   TERMINATED           1024    0.115679   0.0019793               64       10            16.7883     0.283817   1.58538   1.2432  │
│ train_affinity_pipeline_5ef64_00010   TERMINATED           1024    0.120716   0.000820634             32       20            27.4939     0.32184    1.54272   1.20673 │
│ train_affinity_pipeline_5ef64_00011   TERMINATED            512    0.162076   0.00108608              64       20            21.6521     0.335254   1.52739   1.18847 │
│ train_affinity_pipeline_5ef64_00012   TERMINATED           1024    0.390618   0.000142755             32       10            19.8116     0.289589   1.57898   1.24045 │
│ train_affinity_pipeline_5ef64_00013   TERMINATED            512    0.133607   0.00193274             128       40            23.562      0.351463   1.50865   1.17288 │
│ train_affinity_pipeline_5ef64_00014   TERMINATED            256    0.256346   0.00291942              64       10            17.3132     0.283584   1.58564   1.24285 │
│ train_affinity_pipeline_5ef64_00015   TERMINATED            256    0.137899   0.00255137              32       10            21.1821     0.306177   1.56044   1.22658 │
│ train_affinity_pipeline_5ef64_00016   TERMINATED            256    0.146897   0.000869296            128       40            22.7019     0.367819   1.48951   1.14942 │
│ train_affinity_pipeline_5ef64_00017   TERMINATED            256    0.111202   0.0018464               32       20            27.6004     0.315512   1.54991   1.21308 │
╰───────────────────────────────────────────────────────────────────────────────────────────────────────────────────────────────────────────────────────────────────────╯

Trial train_affinity_pipeline_5ef64_00018 completed after 40 iterations at 2026-10-02 13:30:12. Total running time: 11min 6s
╭──────────────────────────────────────────────────────────────╮
│ Trial train_affinity_pipeline_5ef64_00018 result             │
├──────────────────────────────────────────────────────────────┤
│ checkpoint_dir_name                                          │
│ time_this_iter_s                                     0.26417 │
│ time_total_s                                         23.0976 │
│ training_iteration                                        40 │
│ mae                                                  1.18992 │
│ r2_score                                             0.33491 │
│ rmse                                                 1.52779 │
╰──────────────────────────────────────────────────────────────╯

Trial train_affinity_pipeline_5ef64_00019 started with configuration:
╭──────────────────────────────────────────────────────────────╮
│ Trial train_affinity_pipeline_5ef64_00019 config             │
├──────────────────────────────────────────────────────────────┤
│ batch_size                                               128 │
│ dropout                                              0.11466 │
│ hidden_dim                                              1024 │
│ lr                                                   0.00578 │
╰──────────────────────────────────────────────────────────────╯
[36m(train_affinity_pipeline pid=1159387)[0m Worker running on: cuda
[36m(train_affinity_pipeline pid=1159387)[0m GPU Name: AMD Instinct MI250X

Trial status: 19 TERMINATED | 1 RUNNING
Current time: 2026-10-02 13:30:36. Total running time: 11min 31s
Logical resource usage: 2.0/16 CPUs, 1.0/1 GPUs (0.0/1.0 accelerator_type:AMD-Instinct-MI250X)
╭───────────────────────────────────────────────────────────────────────────────────────────────────────────────────────────────────────────────────────────────────────╮
│ Trial name                            status         hidden_dim     dropout            lr     batch_size     iter     total time (s)     r2_score      rmse       mae │
├───────────────────────────────────────────────────────────────────────────────────────────────────────────────────────────────────────────────────────────────────────┤
│ train_affinity_pipeline_5ef64_00019   RUNNING              1024    0.114663   0.00577594             128                                                              │
│ train_affinity_pipeline_5ef64_00000   TERMINATED           1024    0.396567   0.00029294              64       40            37.3962     0.354363   1.50528   1.16783 │
│ train_affinity_pipeline_5ef64_00001   TERMINATED           1024    0.224962   0.00980176              32       10            20.6968     0.284902   1.58418   1.24779 │
│ train_affinity_pipeline_5ef64_00002   TERMINATED            256    0.157053   0.00241595             128       40            23.2796     0.3542     1.50547   1.16379 │
│ train_affinity_pipeline_5ef64_00003   TERMINATED           1024    0.236658   0.00154025              64       10            16.9585     0.292283   1.57598   1.23632 │
│ train_affinity_pipeline_5ef64_00004   TERMINATED           1024    0.154512   0.00469128              64       10            17.6277     0.239792   1.63338   1.28901 │
│ train_affinity_pipeline_5ef64_00005   TERMINATED           1024    0.378258   0.00204562             128       20            18.0529     0.309615   1.55657   1.22431 │
│ train_affinity_pipeline_5ef64_00006   TERMINATED           1024    0.201328   0.00648645              64       10            16.8501     0.223552   1.65074   1.30454 │
│ train_affinity_pipeline_5ef64_00007   TERMINATED           1024    0.262006   0.00149219             128       20            18.0412     0.340903   1.52089   1.18044 │
│ train_affinity_pipeline_5ef64_00008   TERMINATED           1024    0.269425   0.000116328             64       20            22.2356     0.339194   1.52286   1.18443 │
│ train_affinity_pipeline_5ef64_00009   TERMINATED           1024    0.115679   0.0019793               64       10            16.7883     0.283817   1.58538   1.2432  │
│ train_affinity_pipeline_5ef64_00010   TERMINATED           1024    0.120716   0.000820634             32       20            27.4939     0.32184    1.54272   1.20673 │
│ train_affinity_pipeline_5ef64_00011   TERMINATED            512    0.162076   0.00108608              64       20            21.6521     0.335254   1.52739   1.18847 │
│ train_affinity_pipeline_5ef64_00012   TERMINATED           1024    0.390618   0.000142755             32       10            19.8116     0.289589   1.57898   1.24045 │
│ train_affinity_pipeline_5ef64_00013   TERMINATED            512    0.133607   0.00193274             128       40            23.562      0.351463   1.50865   1.17288 │
│ train_affinity_pipeline_5ef64_00014   TERMINATED            256    0.256346   0.00291942              64       10            17.3132     0.283584   1.58564   1.24285 │
│ train_affinity_pipeline_5ef64_00015   TERMINATED            256    0.137899   0.00255137              32       10            21.1821     0.306177   1.56044   1.22658 │
│ train_affinity_pipeline_5ef64_00016   TERMINATED            256    0.146897   0.000869296            128       40            22.7019     0.367819   1.48951   1.14942 │
│ train_affinity_pipeline_5ef64_00017   TERMINATED            256    0.111202   0.0018464               32       20            27.6004     0.315512   1.54991   1.21308 │
│ train_affinity_pipeline_5ef64_00018   TERMINATED           1024    0.145397   0.00141988             128       40            23.0976     0.334906   1.52779   1.18992 │
╰───────────────────────────────────────────────────────────────────────────────────────────────────────────────────────────────────────────────────────────────────────╯

Trial train_affinity_pipeline_5ef64_00019 completed after 10 iterations at 2026-10-02 13:30:40. Total running time: 11min 34s
╭──────────────────────────────────────────────────────────────╮
│ Trial train_affinity_pipeline_5ef64_00019 result             │
├──────────────────────────────────────────────────────────────┤
│ checkpoint_dir_name                                          │
│ time_this_iter_s                                     0.27069 │
│ time_total_s                                           15.17 │
│ training_iteration                                        10 │
│ mae                                                  1.23349 │
│ r2_score                                             0.29139 │
│ rmse                                                 1.57698 │
╰──────────────────────────────────────────────────────────────╯

Trial train_affinity_pipeline_5ef64_00020 started with configuration:
╭──────────────────────────────────────────────────────────────╮
│ Trial train_affinity_pipeline_5ef64_00020 config             │
├──────────────────────────────────────────────────────────────┤
│ batch_size                                               128 │
│ dropout                                              0.33795 │
│ hidden_dim                                               256 │
│ lr                                                   0.00051 │
╰──────────────────────────────────────────────────────────────╯
[36m(train_affinity_pipeline pid=1159466)[0m Worker running on: cuda
[36m(train_affinity_pipeline pid=1159466)[0m GPU Name: AMD Instinct MI250X

Trial status: 20 TERMINATED | 1 RUNNING
Current time: 2026-10-02 13:31:06. Total running time: 12min 1s
Logical resource usage: 2.0/16 CPUs, 1.0/1 GPUs (0.0/1.0 accelerator_type:AMD-Instinct-MI250X)
╭───────────────────────────────────────────────────────────────────────────────────────────────────────────────────────────────────────────────────────────────────────╮
│ Trial name                            status         hidden_dim     dropout            lr     batch_size     iter     total time (s)     r2_score      rmse       mae │
├───────────────────────────────────────────────────────────────────────────────────────────────────────────────────────────────────────────────────────────────────────┤
│ train_affinity_pipeline_5ef64_00020   RUNNING               256    0.337949   0.000506111            128        5            13.8338     0.230901   1.64291   1.30345 │
│ train_affinity_pipeline_5ef64_00000   TERMINATED           1024    0.396567   0.00029294              64       40            37.3962     0.354363   1.50528   1.16783 │
│ train_affinity_pipeline_5ef64_00001   TERMINATED           1024    0.224962   0.00980176              32       10            20.6968     0.284902   1.58418   1.24779 │
│ train_affinity_pipeline_5ef64_00002   TERMINATED            256    0.157053   0.00241595             128       40            23.2796     0.3542     1.50547   1.16379 │
│ train_affinity_pipeline_5ef64_00003   TERMINATED           1024    0.236658   0.00154025              64       10            16.9585     0.292283   1.57598   1.23632 │
│ train_affinity_pipeline_5ef64_00004   TERMINATED           1024    0.154512   0.00469128              64       10            17.6277     0.239792   1.63338   1.28901 │
╰───────────────────────────────────────────────────────────────────────────────────────────────────────────────────────────────────────────────────────────────────────╯
15 more TERMINATED

Trial train_affinity_pipeline_5ef64_00020 completed after 10 iterations at 2026-10-02 13:31:08. Total running time: 12min 2s
╭──────────────────────────────────────────────────────────────╮
│ Trial train_affinity_pipeline_5ef64_00020 result             │
├──────────────────────────────────────────────────────────────┤
│ checkpoint_dir_name                                          │
│ time_this_iter_s                                     0.26798 │
│ time_total_s                                         15.1929 │
│ training_iteration                                        10 │
│ mae                                                   1.2427 │
│ r2_score                                             0.29536 │
│ rmse                                                 1.57256 │
╰──────────────────────────────────────────────────────────────╯

Trial train_affinity_pipeline_5ef64_00021 started with configuration:
╭──────────────────────────────────────────────────────────────╮
│ Trial train_affinity_pipeline_5ef64_00021 config             │
├──────────────────────────────────────────────────────────────┤
│ batch_size                                               128 │
│ dropout                                              0.37821 │
│ hidden_dim                                              1024 │
│ lr                                                   0.00653 │
╰──────────────────────────────────────────────────────────────╯
[36m(train_affinity_pipeline pid=1159563)[0m Worker running on: cuda
[36m(train_affinity_pipeline pid=1159563)[0m GPU Name: AMD Instinct MI250X

Trial train_affinity_pipeline_5ef64_00021 completed after 10 iterations at 2026-10-02 13:31:35. Total running time: 12min 29s
╭──────────────────────────────────────────────────────────────╮
│ Trial train_affinity_pipeline_5ef64_00021 result             │
├──────────────────────────────────────────────────────────────┤
│ checkpoint_dir_name                                          │
│ time_this_iter_s                                     0.26475 │
│ time_total_s                                         14.7404 │
│ training_iteration                                        10 │
│ mae                                                  1.25631 │
│ r2_score                                             0.27514 │
│ rmse                                                 1.59495 │
╰──────────────────────────────────────────────────────────────╯

Trial status: 22 TERMINATED | 1 PENDING
Current time: 2026-10-02 13:31:37. Total running time: 12min 31s
Logical resource usage: 2.0/16 CPUs, 1.0/1 GPUs (0.0/1.0 accelerator_type:AMD-Instinct-MI250X)
╭───────────────────────────────────────────────────────────────────────────────────────────────────────────────────────────────────────────────────────────────────────╮
│ Trial name                            status         hidden_dim     dropout            lr     batch_size     iter     total time (s)     r2_score      rmse       mae │
├───────────────────────────────────────────────────────────────────────────────────────────────────────────────────────────────────────────────────────────────────────┤
│ train_affinity_pipeline_5ef64_00000   TERMINATED           1024    0.396567   0.00029294              64       40            37.3962     0.354363   1.50528   1.16783 │
│ train_affinity_pipeline_5ef64_00001   TERMINATED           1024    0.224962   0.00980176              32       10            20.6968     0.284902   1.58418   1.24779 │
│ train_affinity_pipeline_5ef64_00002   TERMINATED            256    0.157053   0.00241595             128       40            23.2796     0.3542     1.50547   1.16379 │
│ train_affinity_pipeline_5ef64_00003   TERMINATED           1024    0.236658   0.00154025              64       10            16.9585     0.292283   1.57598   1.23632 │
│ train_affinity_pipeline_5ef64_00004   TERMINATED           1024    0.154512   0.00469128              64       10            17.6277     0.239792   1.63338   1.28901 │
│ train_affinity_pipeline_5ef64_00022   PENDING               256    0.269607   0.000985139            128                                                              │
╰───────────────────────────────────────────────────────────────────────────────────────────────────────────────────────────────────────────────────────────────────────╯
17 more TERMINATED

Trial train_affinity_pipeline_5ef64_00022 started with configuration:
╭──────────────────────────────────────────────────────────────╮
│ Trial train_affinity_pipeline_5ef64_00022 config             │
├──────────────────────────────────────────────────────────────┤
│ batch_size                                               128 │
│ dropout                                              0.26961 │
│ hidden_dim                                               256 │
│ lr                                                   0.00099 │
╰──────────────────────────────────────────────────────────────╯
[36m(train_affinity_pipeline pid=1159640)[0m Worker running on: cuda
[36m(train_affinity_pipeline pid=1159640)[0m GPU Name: AMD Instinct MI250X

Trial status: 22 TERMINATED | 1 RUNNING
Current time: 2026-10-02 13:32:07. Total running time: 13min 1s
Logical resource usage: 2.0/16 CPUs, 1.0/1 GPUs (0.0/1.0 accelerator_type:AMD-Instinct-MI250X)
╭───────────────────────────────────────────────────────────────────────────────────────────────────────────────────────────────────────────────────────────────────────╮
│ Trial name                            status         hidden_dim     dropout            lr     batch_size     iter     total time (s)     r2_score      rmse       mae │
├───────────────────────────────────────────────────────────────────────────────────────────────────────────────────────────────────────────────────────────────────────┤
│ train_affinity_pipeline_5ef64_00022   RUNNING               256    0.269607   0.000985139            128       20            18.6136     0.35122    1.50894   1.17169 │
│ train_affinity_pipeline_5ef64_00000   TERMINATED           1024    0.396567   0.00029294              64       40            37.3962     0.354363   1.50528   1.16783 │
│ train_affinity_pipeline_5ef64_00001   TERMINATED           1024    0.224962   0.00980176              32       10            20.6968     0.284902   1.58418   1.24779 │
│ train_affinity_pipeline_5ef64_00002   TERMINATED            256    0.157053   0.00241595             128       40            23.2796     0.3542     1.50547   1.16379 │
│ train_affinity_pipeline_5ef64_00003   TERMINATED           1024    0.236658   0.00154025              64       10            16.9585     0.292283   1.57598   1.23632 │
│ train_affinity_pipeline_5ef64_00004   TERMINATED           1024    0.154512   0.00469128              64       10            17.6277     0.239792   1.63338   1.28901 │
╰───────────────────────────────────────────────────────────────────────────────────────────────────────────────────────────────────────────────────────────────────────╯
17 more TERMINATED

Trial train_affinity_pipeline_5ef64_00022 completed after 40 iterations at 2026-10-02 13:32:12. Total running time: 13min 6s
╭──────────────────────────────────────────────────────────────╮
│ Trial train_affinity_pipeline_5ef64_00022 result             │
├──────────────────────────────────────────────────────────────┤
│ checkpoint_dir_name                                          │
│ time_this_iter_s                                     0.26511 │
│ time_total_s                                         23.9329 │
│ training_iteration                                        40 │
│ mae                                                  1.16033 │
│ r2_score                                             0.36056 │
│ rmse                                                 1.49804 │
╰──────────────────────────────────────────────────────────────╯

Trial train_affinity_pipeline_5ef64_00023 started with configuration:
╭──────────────────────────────────────────────────────────────╮
│ Trial train_affinity_pipeline_5ef64_00023 config             │
├──────────────────────────────────────────────────────────────┤
│ batch_size                                               128 │
│ dropout                                              0.33249 │
│ hidden_dim                                               512 │
│ lr                                                   0.00015 │
╰──────────────────────────────────────────────────────────────╯
[36m(train_affinity_pipeline pid=1159741)[0m Worker running on: cuda
[36m(train_affinity_pipeline pid=1159741)[0m GPU Name: AMD Instinct MI250X

Trial status: 23 TERMINATED | 1 RUNNING
Current time: 2026-10-02 13:32:37. Total running time: 13min 31s
Logical resource usage: 2.0/16 CPUs, 1.0/1 GPUs (0.0/1.0 accelerator_type:AMD-Instinct-MI250X)
╭───────────────────────────────────────────────────────────────────────────────────────────────────────────────────────────────────────────────────────────────────────╮
│ Trial name                            status         hidden_dim     dropout            lr     batch_size     iter     total time (s)     r2_score      rmse       mae │
├───────────────────────────────────────────────────────────────────────────────────────────────────────────────────────────────────────────────────────────────────────┤
│ train_affinity_pipeline_5ef64_00023   RUNNING               512    0.332485   0.000147404            128                                                              │
│ train_affinity_pipeline_5ef64_00000   TERMINATED           1024    0.396567   0.00029294              64       40            37.3962     0.354363   1.50528   1.16783 │
│ train_affinity_pipeline_5ef64_00001   TERMINATED           1024    0.224962   0.00980176              32       10            20.6968     0.284902   1.58418   1.24779 │
│ train_affinity_pipeline_5ef64_00002   TERMINATED            256    0.157053   0.00241595             128       40            23.2796     0.3542     1.50547   1.16379 │
│ train_affinity_pipeline_5ef64_00003   TERMINATED           1024    0.236658   0.00154025              64       10            16.9585     0.292283   1.57598   1.23632 │
│ train_affinity_pipeline_5ef64_00004   TERMINATED           1024    0.154512   0.00469128              64       10            17.6277     0.239792   1.63338   1.28901 │
╰───────────────────────────────────────────────────────────────────────────────────────────────────────────────────────────────────────────────────────────────────────╯
18 more TERMINATED

Trial train_affinity_pipeline_5ef64_00023 completed after 10 iterations at 2026-10-02 13:32:42. Total running time: 13min 36s
╭──────────────────────────────────────────────────────────────╮
│ Trial train_affinity_pipeline_5ef64_00023 result             │
├──────────────────────────────────────────────────────────────┤
│ checkpoint_dir_name                                          │
│ time_this_iter_s                                     0.26806 │
│ time_total_s                                         15.9575 │
│ training_iteration                                        10 │
│ mae                                                  1.28567 │
│ r2_score                                             0.24964 │
│ rmse                                                 1.62277 │
╰──────────────────────────────────────────────────────────────╯

Trial train_affinity_pipeline_5ef64_00024 started with configuration:
╭──────────────────────────────────────────────────────────────╮
│ Trial train_affinity_pipeline_5ef64_00024 config             │
├──────────────────────────────────────────────────────────────┤
│ batch_size                                                64 │
│ dropout                                              0.31345 │
│ hidden_dim                                               256 │
│ lr                                                   0.00072 │
╰──────────────────────────────────────────────────────────────╯
[36m(train_affinity_pipeline pid=1159818)[0m Worker running on: cuda
[36m(train_affinity_pipeline pid=1159818)[0m GPU Name: AMD Instinct MI250X

Trial status: 24 TERMINATED | 1 RUNNING
Current time: 2026-10-02 13:33:07. Total running time: 14min 1s
Logical resource usage: 2.0/16 CPUs, 1.0/1 GPUs (0.0/1.0 accelerator_type:AMD-Instinct-MI250X)
╭──────────────────────────────────────────────────────────────────────────────────────────────────────────────────────────────────────────────────────────────────────╮
│ Trial name                            status         hidden_dim     dropout           lr     batch_size     iter     total time (s)     r2_score      rmse       mae │
├──────────────────────────────────────────────────────────────────────────────────────────────────────────────────────────────────────────────────────────────────────┤
│ train_affinity_pipeline_5ef64_00024   RUNNING               256    0.31345    0.00072194             64                                                              │
│ train_affinity_pipeline_5ef64_00000   TERMINATED           1024    0.396567   0.00029294             64       40            37.3962     0.354363   1.50528   1.16783 │
│ train_affinity_pipeline_5ef64_00001   TERMINATED           1024    0.224962   0.00980176             32       10            20.6968     0.284902   1.58418   1.24779 │
│ train_affinity_pipeline_5ef64_00002   TERMINATED            256    0.157053   0.00241595            128       40            23.2796     0.3542     1.50547   1.16379 │
│ train_affinity_pipeline_5ef64_00003   TERMINATED           1024    0.236658   0.00154025             64       10            16.9585     0.292283   1.57598   1.23632 │
│ train_affinity_pipeline_5ef64_00004   TERMINATED           1024    0.154512   0.00469128             64       10            17.6277     0.239792   1.63338   1.28901 │
╰──────────────────────────────────────────────────────────────────────────────────────────────────────────────────────────────────────────────────────────────────────╯
19 more TERMINATED

Trial train_affinity_pipeline_5ef64_00024 completed after 40 iterations at 2026-10-02 13:33:26. Total running time: 14min 20s
╭──────────────────────────────────────────────────────────────╮
│ Trial train_affinity_pipeline_5ef64_00024 result             │
├──────────────────────────────────────────────────────────────┤
│ checkpoint_dir_name                                          │
│ time_this_iter_s                                     0.43105 │
│ time_total_s                                         29.7515 │
│ training_iteration                                        40 │
│ mae                                                  1.17419 │
│ r2_score                                             0.34971 │
│ rmse                                                 1.51069 │
╰──────────────────────────────────────────────────────────────╯

Trial status: 25 TERMINATED | 1 PENDING
Current time: 2026-10-02 13:33:37. Total running time: 14min 31s
Logical resource usage: 2.0/16 CPUs, 1.0/1 GPUs (0.0/1.0 accelerator_type:AMD-Instinct-MI250X)
╭──────────────────────────────────────────────────────────────────────────────────────────────────────────────────────────────────────────────────────────────────────╮
│ Trial name                            status         hidden_dim     dropout           lr     batch_size     iter     total time (s)     r2_score      rmse       mae │
├──────────────────────────────────────────────────────────────────────────────────────────────────────────────────────────────────────────────────────────────────────┤
│ train_affinity_pipeline_5ef64_00000   TERMINATED           1024    0.396567   0.00029294             64       40            37.3962     0.354363   1.50528   1.16783 │
│ train_affinity_pipeline_5ef64_00001   TERMINATED           1024    0.224962   0.00980176             32       10            20.6968     0.284902   1.58418   1.24779 │
│ train_affinity_pipeline_5ef64_00002   TERMINATED            256    0.157053   0.00241595            128       40            23.2796     0.3542     1.50547   1.16379 │
│ train_affinity_pipeline_5ef64_00003   TERMINATED           1024    0.236658   0.00154025             64       10            16.9585     0.292283   1.57598   1.23632 │
│ train_affinity_pipeline_5ef64_00004   TERMINATED           1024    0.154512   0.00469128             64       10            17.6277     0.239792   1.63338   1.28901 │
│ train_affinity_pipeline_5ef64_00025   PENDING               256    0.120154   0.00135063            128                                                              │
╰──────────────────────────────────────────────────────────────────────────────────────────────────────────────────────────────────────────────────────────────────────╯
20 more TERMINATED

Trial train_affinity_pipeline_5ef64_00025 started with configuration:
╭──────────────────────────────────────────────────────────────╮
│ Trial train_affinity_pipeline_5ef64_00025 config             │
├──────────────────────────────────────────────────────────────┤
│ batch_size                                               128 │
│ dropout                                              0.12015 │
│ hidden_dim                                               256 │
│ lr                                                   0.00135 │
╰──────────────────────────────────────────────────────────────╯
[36m(train_affinity_pipeline pid=1159919)[0m Worker running on: cuda
[36m(train_affinity_pipeline pid=1159919)[0m GPU Name: AMD Instinct MI250X

Trial train_affinity_pipeline_5ef64_00025 completed after 40 iterations at 2026-10-02 13:34:01. Total running time: 14min 56s
╭──────────────────────────────────────────────────────────────╮
│ Trial train_affinity_pipeline_5ef64_00025 result             │
├──────────────────────────────────────────────────────────────┤
│ checkpoint_dir_name                                          │
│ time_this_iter_s                                     0.24625 │
│ time_total_s                                          22.949 │
│ training_iteration                                        40 │
│ mae                                                  1.14345 │
│ r2_score                                             0.36622 │
│ rmse                                                 1.49139 │
╰──────────────────────────────────────────────────────────────╯

Trial status: 26 TERMINATED | 1 PENDING
Current time: 2026-10-02 13:34:07. Total running time: 15min 1s
Logical resource usage: 2.0/16 CPUs, 1.0/1 GPUs (0.0/1.0 accelerator_type:AMD-Instinct-MI250X)
╭───────────────────────────────────────────────────────────────────────────────────────────────────────────────────────────────────────────────────────────────────────╮
│ Trial name                            status         hidden_dim     dropout            lr     batch_size     iter     total time (s)     r2_score      rmse       mae │
├───────────────────────────────────────────────────────────────────────────────────────────────────────────────────────────────────────────────────────────────────────┤
│ train_affinity_pipeline_5ef64_00000   TERMINATED           1024    0.396567   0.00029294              64       40            37.3962     0.354363   1.50528   1.16783 │
│ train_affinity_pipeline_5ef64_00001   TERMINATED           1024    0.224962   0.00980176              32       10            20.6968     0.284902   1.58418   1.24779 │
│ train_affinity_pipeline_5ef64_00002   TERMINATED            256    0.157053   0.00241595             128       40            23.2796     0.3542     1.50547   1.16379 │
│ train_affinity_pipeline_5ef64_00003   TERMINATED           1024    0.236658   0.00154025              64       10            16.9585     0.292283   1.57598   1.23632 │
│ train_affinity_pipeline_5ef64_00004   TERMINATED           1024    0.154512   0.00469128              64       10            17.6277     0.239792   1.63338   1.28901 │
│ train_affinity_pipeline_5ef64_00026   PENDING               256    0.253484   0.000696567             64                                                              │
╰───────────────────────────────────────────────────────────────────────────────────────────────────────────────────────────────────────────────────────────────────────╯
21 more TERMINATED

Trial train_affinity_pipeline_5ef64_00026 started with configuration:
╭──────────────────────────────────────────────────────────────╮
│ Trial train_affinity_pipeline_5ef64_00026 config             │
├──────────────────────────────────────────────────────────────┤
│ batch_size                                                64 │
│ dropout                                              0.25348 │
│ hidden_dim                                               256 │
│ lr                                                    0.0007 │
╰──────────────────────────────────────────────────────────────╯
[36m(train_affinity_pipeline pid=1160000)[0m Worker running on: cuda
[36m(train_affinity_pipeline pid=1160000)[0m GPU Name: AMD Instinct MI250X

Trial train_affinity_pipeline_5ef64_00026 completed after 20 iterations at 2026-10-02 13:34:36. Total running time: 15min 31s
╭──────────────────────────────────────────────────────────────╮
│ Trial train_affinity_pipeline_5ef64_00026 result             │
├──────────────────────────────────────────────────────────────┤
│ checkpoint_dir_name                                          │
│ time_this_iter_s                                     0.42393 │
│ time_total_s                                          21.955 │
│ training_iteration                                        20 │
│ mae                                                  1.18114 │
│ r2_score                                             0.34204 │
│ rmse                                                 1.51957 │
╰──────────────────────────────────────────────────────────────╯

Trial status: 27 TERMINATED | 1 PENDING
Current time: 2026-10-02 13:34:37. Total running time: 15min 31s
Logical resource usage: 0/16 CPUs, 0/1 GPUs (0.0/1.0 accelerator_type:AMD-Instinct-MI250X)
╭──────────────────────────────────────────────────────────────────────────────────────────────────────────────────────────────────────────────────────────────────────╮
│ Trial name                            status         hidden_dim     dropout           lr     batch_size     iter     total time (s)     r2_score      rmse       mae │
├──────────────────────────────────────────────────────────────────────────────────────────────────────────────────────────────────────────────────────────────────────┤
│ train_affinity_pipeline_5ef64_00000   TERMINATED           1024    0.396567   0.00029294             64       40            37.3962     0.354363   1.50528   1.16783 │
│ train_affinity_pipeline_5ef64_00001   TERMINATED           1024    0.224962   0.00980176             32       10            20.6968     0.284902   1.58418   1.24779 │
│ train_affinity_pipeline_5ef64_00002   TERMINATED            256    0.157053   0.00241595            128       40            23.2796     0.3542     1.50547   1.16379 │
│ train_affinity_pipeline_5ef64_00003   TERMINATED           1024    0.236658   0.00154025             64       10            16.9585     0.292283   1.57598   1.23632 │
│ train_affinity_pipeline_5ef64_00004   TERMINATED           1024    0.154512   0.00469128             64       10            17.6277     0.239792   1.63338   1.28901 │
│ train_affinity_pipeline_5ef64_00027   PENDING               256    0.296226   0.00279384            128                                                              │
╰──────────────────────────────────────────────────────────────────────────────────────────────────────────────────────────────────────────────────────────────────────╯
22 more TERMINATED

Trial train_affinity_pipeline_5ef64_00027 started with configuration:
╭──────────────────────────────────────────────────────────────╮
│ Trial train_affinity_pipeline_5ef64_00027 config             │
├──────────────────────────────────────────────────────────────┤
│ batch_size                                               128 │
│ dropout                                              0.29623 │
│ hidden_dim                                               256 │
│ lr                                                   0.00279 │
╰──────────────────────────────────────────────────────────────╯
[36m(train_affinity_pipeline pid=1160080)[0m Worker running on: cuda
[36m(train_affinity_pipeline pid=1160080)[0m GPU Name: AMD Instinct MI250X

Trial status: 27 TERMINATED | 1 RUNNING
Current time: 2026-10-02 13:35:07. Total running time: 16min 1s
Logical resource usage: 2.0/16 CPUs, 1.0/1 GPUs (0.0/1.0 accelerator_type:AMD-Instinct-MI250X)
╭──────────────────────────────────────────────────────────────────────────────────────────────────────────────────────────────────────────────────────────────────────╮
│ Trial name                            status         hidden_dim     dropout           lr     batch_size     iter     total time (s)     r2_score      rmse       mae │
├──────────────────────────────────────────────────────────────────────────────────────────────────────────────────────────────────────────────────────────────────────┤
│ train_affinity_pipeline_5ef64_00027   RUNNING               256    0.296226   0.00279384            128       19            17.6394     0.349128   1.51137   1.17124 │
│ train_affinity_pipeline_5ef64_00000   TERMINATED           1024    0.396567   0.00029294             64       40            37.3962     0.354363   1.50528   1.16783 │
│ train_affinity_pipeline_5ef64_00001   TERMINATED           1024    0.224962   0.00980176             32       10            20.6968     0.284902   1.58418   1.24779 │
│ train_affinity_pipeline_5ef64_00002   TERMINATED            256    0.157053   0.00241595            128       40            23.2796     0.3542     1.50547   1.16379 │
│ train_affinity_pipeline_5ef64_00003   TERMINATED           1024    0.236658   0.00154025             64       10            16.9585     0.292283   1.57598   1.23632 │
│ train_affinity_pipeline_5ef64_00004   TERMINATED           1024    0.154512   0.00469128             64       10            17.6277     0.239792   1.63338   1.28901 │
╰──────────────────────────────────────────────────────────────────────────────────────────────────────────────────────────────────────────────────────────────────────╯
22 more TERMINATED

Trial train_affinity_pipeline_5ef64_00027 completed after 40 iterations at 2026-10-02 13:35:12. Total running time: 16min 7s
╭──────────────────────────────────────────────────────────────╮
│ Trial train_affinity_pipeline_5ef64_00027 result             │
├──────────────────────────────────────────────────────────────┤
│ checkpoint_dir_name                                          │
│ time_this_iter_s                                     0.26692 │
│ time_total_s                                         23.2463 │
│ training_iteration                                        40 │
│ mae                                                  1.18887 │
│ r2_score                                             0.33969 │
│ rmse                                                 1.52228 │
╰──────────────────────────────────────────────────────────────╯

Trial train_affinity_pipeline_5ef64_00028 started with configuration:
╭──────────────────────────────────────────────────────────────╮
│ Trial train_affinity_pipeline_5ef64_00028 config             │
├──────────────────────────────────────────────────────────────┤
│ batch_size                                                32 │
│ dropout                                              0.24874 │
│ hidden_dim                                              1024 │
│ lr                                                    0.0033 │
╰──────────────────────────────────────────────────────────────╯
[36m(train_affinity_pipeline pid=1160160)[0m Worker running on: cuda
[36m(train_affinity_pipeline pid=1160160)[0m GPU Name: AMD Instinct MI250X

Trial status: 28 TERMINATED | 1 RUNNING
Current time: 2026-10-02 13:35:37. Total running time: 16min 31s
Logical resource usage: 2.0/16 CPUs, 1.0/1 GPUs (0.0/1.0 accelerator_type:AMD-Instinct-MI250X)
╭──────────────────────────────────────────────────────────────────────────────────────────────────────────────────────────────────────────────────────────────────────╮
│ Trial name                            status         hidden_dim     dropout           lr     batch_size     iter     total time (s)     r2_score      rmse       mae │
├──────────────────────────────────────────────────────────────────────────────────────────────────────────────────────────────────────────────────────────────────────┤
│ train_affinity_pipeline_5ef64_00028   RUNNING              1024    0.248738   0.0032956              32                                                              │
│ train_affinity_pipeline_5ef64_00000   TERMINATED           1024    0.396567   0.00029294             64       40            37.3962     0.354363   1.50528   1.16783 │
│ train_affinity_pipeline_5ef64_00001   TERMINATED           1024    0.224962   0.00980176             32       10            20.6968     0.284902   1.58418   1.24779 │
│ train_affinity_pipeline_5ef64_00002   TERMINATED            256    0.157053   0.00241595            128       40            23.2796     0.3542     1.50547   1.16379 │
│ train_affinity_pipeline_5ef64_00003   TERMINATED           1024    0.236658   0.00154025             64       10            16.9585     0.292283   1.57598   1.23632 │
│ train_affinity_pipeline_5ef64_00004   TERMINATED           1024    0.154512   0.00469128             64       10            17.6277     0.239792   1.63338   1.28901 │
╰──────────────────────────────────────────────────────────────────────────────────────────────────────────────────────────────────────────────────────────────────────╯
23 more TERMINATED

Trial train_affinity_pipeline_5ef64_00028 completed after 10 iterations at 2026-10-02 13:35:45. Total running time: 16min 39s
╭──────────────────────────────────────────────────────────────╮
│ Trial train_affinity_pipeline_5ef64_00028 result             │
├──────────────────────────────────────────────────────────────┤
│ checkpoint_dir_name                                          │
│ time_this_iter_s                                     0.74146 │
│ time_total_s                                         19.8801 │
│ training_iteration                                        10 │
│ mae                                                  1.22408 │
│ r2_score                                             0.30677 │
│ rmse                                                 1.55977 │
╰──────────────────────────────────────────────────────────────╯

Trial train_affinity_pipeline_5ef64_00029 started with configuration:
╭──────────────────────────────────────────────────────────────╮
│ Trial train_affinity_pipeline_5ef64_00029 config             │
├──────────────────────────────────────────────────────────────┤
│ batch_size                                                64 │
│ dropout                                              0.16338 │
│ hidden_dim                                              1024 │
│ lr                                                   0.00264 │
╰──────────────────────────────────────────────────────────────╯
[36m(train_affinity_pipeline pid=1160239)[0m Worker running on: cuda
[36m(train_affinity_pipeline pid=1160239)[0m GPU Name: AMD Instinct MI250X

Trial status: 29 TERMINATED | 1 RUNNING
Current time: 2026-10-02 13:36:07. Total running time: 17min 1s
Logical resource usage: 2.0/16 CPUs, 1.0/1 GPUs (0.0/1.0 accelerator_type:AMD-Instinct-MI250X)
╭──────────────────────────────────────────────────────────────────────────────────────────────────────────────────────────────────────────────────────────────────────╮
│ Trial name                            status         hidden_dim     dropout           lr     batch_size     iter     total time (s)     r2_score      rmse       mae │
├──────────────────────────────────────────────────────────────────────────────────────────────────────────────────────────────────────────────────────────────────────┤
│ train_affinity_pipeline_5ef64_00029   RUNNING              1024    0.163383   0.00263871             64                                                              │
│ train_affinity_pipeline_5ef64_00000   TERMINATED           1024    0.396567   0.00029294             64       40            37.3962     0.354363   1.50528   1.16783 │
│ train_affinity_pipeline_5ef64_00001   TERMINATED           1024    0.224962   0.00980176             32       10            20.6968     0.284902   1.58418   1.24779 │
│ train_affinity_pipeline_5ef64_00002   TERMINATED            256    0.157053   0.00241595            128       40            23.2796     0.3542     1.50547   1.16379 │
│ train_affinity_pipeline_5ef64_00003   TERMINATED           1024    0.236658   0.00154025             64       10            16.9585     0.292283   1.57598   1.23632 │
│ train_affinity_pipeline_5ef64_00004   TERMINATED           1024    0.154512   0.00469128             64       10            17.6277     0.239792   1.63338   1.28901 │
╰──────────────────────────────────────────────────────────────────────────────────────────────────────────────────────────────────────────────────────────────────────╯
24 more TERMINATED

Trial train_affinity_pipeline_5ef64_00029 completed after 10 iterations at 2026-10-02 13:36:15. Total running time: 17min 9s
╭──────────────────────────────────────────────────────────────╮
│ Trial train_affinity_pipeline_5ef64_00029 result             │
├──────────────────────────────────────────────────────────────┤
│ checkpoint_dir_name                                          │
│ time_this_iter_s                                      0.4205 │
│ time_total_s                                         16.8451 │
│ training_iteration                                        10 │
│ mae                                                  1.26056 │
│ r2_score                                             0.26944 │
│ rmse                                                 1.60122 │
╰──────────────────────────────────────────────────────────────╯

Trial status: 30 TERMINATED
Current time: 2026-10-02 13:36:15. Total running time: 17min 10s
Logical resource usage: 0/16 CPUs, 0/1 GPUs (0.0/1.0 accelerator_type:AMD-Instinct-MI250X)
╭───────────────────────────────────────────────────────────────────────────────────────────────────────────────────────────────────────────────────────────────────────╮
│ Trial name                            status         hidden_dim     dropout            lr     batch_size     iter     total time (s)     r2_score      rmse       mae │
├───────────────────────────────────────────────────────────────────────────────────────────────────────────────────────────────────────────────────────────────────────┤
│ train_affinity_pipeline_5ef64_00000   TERMINATED           1024    0.396567   0.00029294              64       40            37.3962     0.354363   1.50528   1.16783 │
│ train_affinity_pipeline_5ef64_00001   TERMINATED           1024    0.224962   0.00980176              32       10            20.6968     0.284902   1.58418   1.24779 │
│ train_affinity_pipeline_5ef64_00002   TERMINATED            256    0.157053   0.00241595             128       40            23.2796     0.3542     1.50547   1.16379 │
│ train_affinity_pipeline_5ef64_00003   TERMINATED           1024    0.236658   0.00154025              64       10            16.9585     0.292283   1.57598   1.23632 │
│ train_affinity_pipeline_5ef64_00004   TERMINATED           1024    0.154512   0.00469128              64       10            17.6277     0.239792   1.63338   1.28901 │
│ train_affinity_pipeline_5ef64_00005   TERMINATED           1024    0.378258   0.00204562             128       20            18.0529     0.309615   1.55657   1.22431 │
│ train_affinity_pipeline_5ef64_00006   TERMINATED           1024    0.201328   0.00648645              64       10            16.8501     0.223552   1.65074   1.30454 │
│ train_affinity_pipeline_5ef64_00007   TERMINATED           1024    0.262006   0.00149219             128       20            18.0412     0.340903   1.52089   1.18044 │
│ train_affinity_pipeline_5ef64_00008   TERMINATED           1024    0.269425   0.000116328             64       20            22.2356     0.339194   1.52286   1.18443 │
│ train_affinity_pipeline_5ef64_00009   TERMINATED           1024    0.115679   0.0019793               64       10            16.7883     0.283817   1.58538   1.2432  │
│ train_affinity_pipeline_5ef64_00010   TERMINATED           1024    0.120716   0.000820634             32       20            27.4939     0.32184    1.54272   1.20673 │
│ train_affinity_pipeline_5ef64_00011   TERMINATED            512    0.162076   0.00108608              64       20            21.6521     0.335254   1.52739   1.18847 │
│ train_affinity_pipeline_5ef64_00012   TERMINATED           1024    0.390618   0.000142755             32       10            19.8116     0.289589   1.57898   1.24045 │
│ train_affinity_pipeline_5ef64_00013   TERMINATED            512    0.133607   0.00193274             128       40            23.562      0.351463   1.50865   1.17288 │
│ train_affinity_pipeline_5ef64_00014   TERMINATED            256    0.256346   0.00291942              64       10            17.3132     0.283584   1.58564   1.24285 │
│ train_affinity_pipeline_5ef64_00015   TERMINATED            256    0.137899   0.00255137              32       10            21.1821     0.306177   1.56044   1.22658 │
│ train_affinity_pipeline_5ef64_00016   TERMINATED            256    0.146897   0.000869296            128       40            22.7019     0.367819   1.48951   1.14942 │
│ train_affinity_pipeline_5ef64_00017   TERMINATED            256    0.111202   0.0018464               32       20            27.6004     0.315512   1.54991   1.21308 │
│ train_affinity_pipeline_5ef64_00018   TERMINATED           1024    0.145397   0.00141988             128       40            23.0976     0.334906   1.52779   1.18992 │
│ train_affinity_pipeline_5ef64_00019   TERMINATED           1024    0.114663   0.00577594             128       10            15.1699     0.291388   1.57698   1.23349 │
│ train_affinity_pipeline_5ef64_00020   TERMINATED            256    0.337949   0.000506111            128       10            15.1929     0.295355   1.57256   1.2427  │
│ train_affinity_pipeline_5ef64_00021   TERMINATED           1024    0.378211   0.00653392             128       10            14.7404     0.275144   1.59495   1.25631 │
│ train_affinity_pipeline_5ef64_00022   TERMINATED            256    0.269607   0.000985139            128       40            23.9329     0.36056    1.49804   1.16033 │
│ train_affinity_pipeline_5ef64_00023   TERMINATED            512    0.332485   0.000147404            128       10            15.9575     0.24964    1.62277   1.28567 │
│ train_affinity_pipeline_5ef64_00024   TERMINATED            256    0.31345    0.00072194              64       40            29.7515     0.349709   1.51069   1.17419 │
│ train_affinity_pipeline_5ef64_00025   TERMINATED            256    0.120154   0.00135063             128       40            22.949      0.366224   1.49139   1.14345 │
│ train_affinity_pipeline_5ef64_00026   TERMINATED            256    0.253484   0.000696567             64       20            21.955      0.342043   1.51957   1.18114 │
│ train_affinity_pipeline_5ef64_00027   TERMINATED            256    0.296226   0.00279384             128       40            23.2463     0.339692   1.52228   1.18887 │
│ train_affinity_pipeline_5ef64_00028   TERMINATED           1024    0.248738   0.0032956               32       10            19.8801     0.306771   1.55977   1.22408 │
│ train_affinity_pipeline_5ef64_00029   TERMINATED           1024    0.163383   0.00263871              64       10            16.8451     0.269441   1.60122   1.26056 │
╰───────────────────────────────────────────────────────────────────────────────────────────────────────────────────────────────────────────────────────────────────────╯


============================================================
BEST VALIDATION RESULT
MODEL : PROSTT5
MODE  : PROTEIN
============================================================
Validation R2   : 0.3678
Validation RMSE : 1.4895
Validation MAE  : 1.1494

Best hyperparameters:
hidden_dim: 256
dropout: 0.1468972419753446
lr: 0.0008692956113106557
batch_size: 128

Training final model...

============================================================
FINAL UNTOUCHED TEST RESULT
Protein model : prostt5
Input mode    : protein
Features      : 512
------------------------------------------------------------
Test R2   : 0.3660
Test RMSE : 1.5055
Test MAE  : 1.1494
============================================================
============================================================
Finished task : 1
Exit status   : 0
End time      : Fri Oct  2 01:36:41 PM EDT 2026
============================================================
