Deactivating conda environments
Array Task ID: 2
Visible GPUs:


========================================== ROCm System Management Interface ==========================================
==================================================== Concise Info ====================================================
Device  Node  IDs              Temp    Power  Partitions          SCLK    MCLK     Fan  Perf    PwrCap  VRAM%  GPU%  
[3m              (DID,     GUID)  (Edge)  (Avg)  (Mem, Compute, ID)                                                     [0m
======================================================================================================================
0       4     0x7408,   63582  41.0°C  89.0W  N/A, N/A, 0         800Mhz  1600Mhz  0%   manual  560.0W  0%     0%    
1       5     0x7408,   51740  33.0°C  N/A    N/A, N/A, 0         800Mhz  1600Mhz  0%   manual  0.0W    0%     0%    
2       6     0x7408,   15961  29.0°C  86.0W  N/A, N/A, 0         800Mhz  1600Mhz  0%   manual  560.0W  0%     0%    
3       7     0x7408,   3099   34.0°C  N/A    N/A, N/A, 0         800Mhz  1600Mhz  0%   manual  0.0W    0%     0%    
4       8     0x7408,   13395  27.0°C  91.0W  N/A, N/A, 0         800Mhz  1600Mhz  0%   manual  560.0W  0%     0%    
5       9     0x7408,   1553   42.0°C  N/A    N/A, N/A, 0         800Mhz  1600Mhz  0%   manual  0.0W    0%     0%    
6       10    0x7408,   62036  33.0°C  92.0W  N/A, N/A, 0         800Mhz  1600Mhz  0%   manual  560.0W  0%     0%    
7       11    0x7408,   49174  37.0°C  N/A    N/A, N/A, 0         800Mhz  1600Mhz  0%   manual  0.0W    0%     0%    
======================================================================================================================
================================================ End of ROCm SMI Log =================================================

DATA FILTERING
Original samples : 19118
After filtering  : 19116
Removed          : 2

============================================================
RUNNING ARRAY TASK 2: PROGEN2
============================================================
Protein embedding shape: (19116, 2560)
Ligand embedding shape : (19116, 2304)

DATA SPLIT
Train      : 13381 (70.0%)
Validation : 2867 (15.0%)
Test       : 2868 (15.0%)

COMBINED EMBEDDINGS
Train: (13381, 4864)
Validation: (2867, 4864)
Test: (2868, 4864)

Running Mutual Information Feature Selection: K=512
Selected feature shape: (13381, 512)
╭────────────────────────────────────────────────────────────────────────────────╮
│ Configuration for experiment     train_affinity_pipeline_2026-09-26_23-48-59   │
├────────────────────────────────────────────────────────────────────────────────┤
│ Search algorithm                 BasicVariantGenerator                         │
│ Scheduler                        AsyncHyperBandScheduler                       │
│ Number of trials                 30                                            │
╰────────────────────────────────────────────────────────────────────────────────╯

View detailed results here: /ccs/home/sireesiru/ray_results/train_affinity_pipeline_2026-09-26_23-48-59

Trial status: 1 PENDING
Current time: 2026-09-26 23:48:59. Total running time: 0s
Logical resource usage: 2.0/16 CPUs, 1.0/1 GPUs (0.0/1.0 accelerator_type:AMD-Instinct-MI250X)
╭───────────────────────────────────────────────────────────────────────────────────────────────────────╮
│ Trial name                            status       hidden_dim     dropout           lr     batch_size │
├───────────────────────────────────────────────────────────────────────────────────────────────────────┤
│ train_affinity_pipeline_5f3f6_00000   PENDING             512    0.269231   0.00110686             32 │
╰───────────────────────────────────────────────────────────────────────────────────────────────────────╯

Trial train_affinity_pipeline_5f3f6_00000 started with configuration:
╭──────────────────────────────────────────────────────────────╮
│ Trial train_affinity_pipeline_5f3f6_00000 config             │
├──────────────────────────────────────────────────────────────┤
│ batch_size                                                32 │
│ dropout                                              0.26923 │
│ hidden_dim                                               512 │
│ lr                                                   0.00111 │
╰──────────────────────────────────────────────────────────────╯
[36m(train_affinity_pipeline pid=447776)[0m Worker running on: cuda
[36m(train_affinity_pipeline pid=447776)[0m GPU Name: AMD Instinct MI250X

Trial status: 1 RUNNING
Current time: 2026-09-26 23:49:29. Total running time: 30s
Logical resource usage: 2.0/16 CPUs, 1.0/1 GPUs (0.0/1.0 accelerator_type:AMD-Instinct-MI250X)
╭───────────────────────────────────────────────────────────────────────────────────────────────────────╮
│ Trial name                            status       hidden_dim     dropout           lr     batch_size │
├───────────────────────────────────────────────────────────────────────────────────────────────────────┤
│ train_affinity_pipeline_5f3f6_00000   RUNNING             512    0.269231   0.00110686             32 │
╰───────────────────────────────────────────────────────────────────────────────────────────────────────╯
Trial status: 1 RUNNING
Current time: 2026-09-26 23:49:59. Total running time: 1min 0s
Logical resource usage: 2.0/16 CPUs, 1.0/1 GPUs (0.0/1.0 accelerator_type:AMD-Instinct-MI250X)
╭────────────────────────────────────────────────────────────────────────────────────────────────────────────────────────────────────────────────────────────────────╮
│ Trial name                            status       hidden_dim     dropout           lr     batch_size     iter     total time (s)     r2_score      rmse       mae │
├────────────────────────────────────────────────────────────────────────────────────────────────────────────────────────────────────────────────────────────────────┤
│ train_affinity_pipeline_5f3f6_00000   RUNNING             512    0.269231   0.00110686             32       35            43.5737     0.119449   1.75792   1.40596 │
╰────────────────────────────────────────────────────────────────────────────────────────────────────────────────────────────────────────────────────────────────────╯

Trial train_affinity_pipeline_5f3f6_00000 completed after 40 iterations at 2026-09-26 23:50:03. Total running time: 1min 3s
╭──────────────────────────────────────────────────────────────╮
│ Trial train_affinity_pipeline_5f3f6_00000 result             │
├──────────────────────────────────────────────────────────────┤
│ checkpoint_dir_name                                          │
│ time_this_iter_s                                     0.73752 │
│ time_total_s                                         47.2605 │
│ training_iteration                                        40 │
│ mae                                                  1.38629 │
│ r2_score                                             0.14405 │
│ rmse                                                 1.73319 │
╰──────────────────────────────────────────────────────────────╯

Trial train_affinity_pipeline_5f3f6_00001 started with configuration:
╭──────────────────────────────────────────────────────────────╮
│ Trial train_affinity_pipeline_5f3f6_00001 config             │
├──────────────────────────────────────────────────────────────┤
│ batch_size                                                64 │
│ dropout                                              0.37608 │
│ hidden_dim                                               512 │
│ lr                                                   0.00411 │
╰──────────────────────────────────────────────────────────────╯
[36m(train_affinity_pipeline pid=447868)[0m Worker running on: cuda
[36m(train_affinity_pipeline pid=447868)[0m GPU Name: AMD Instinct MI250X

Trial status: 1 TERMINATED | 1 RUNNING
Current time: 2026-09-26 23:50:29. Total running time: 1min 30s
Logical resource usage: 2.0/16 CPUs, 1.0/1 GPUs (0.0/1.0 accelerator_type:AMD-Instinct-MI250X)
╭──────────────────────────────────────────────────────────────────────────────────────────────────────────────────────────────────────────────────────────────────────╮
│ Trial name                            status         hidden_dim     dropout           lr     batch_size     iter     total time (s)     r2_score      rmse       mae │
├──────────────────────────────────────────────────────────────────────────────────────────────────────────────────────────────────────────────────────────────────────┤
│ train_affinity_pipeline_5f3f6_00001   RUNNING               512    0.376081   0.00410908             64                                                              │
│ train_affinity_pipeline_5f3f6_00000   TERMINATED            512    0.269231   0.00110686             32       40            47.2605     0.144053   1.73319   1.38629 │
╰──────────────────────────────────────────────────────────────────────────────────────────────────────────────────────────────────────────────────────────────────────╯

Trial train_affinity_pipeline_5f3f6_00001 completed after 10 iterations at 2026-09-26 23:50:35. Total running time: 1min 35s
╭──────────────────────────────────────────────────────────────╮
│ Trial train_affinity_pipeline_5f3f6_00001 result             │
├──────────────────────────────────────────────────────────────┤
│ checkpoint_dir_name                                          │
│ time_this_iter_s                                     0.41829 │
│ time_total_s                                         17.2821 │
│ training_iteration                                        10 │
│ mae                                                  1.47065 │
│ r2_score                                             0.05047 │
│ rmse                                                 1.82547 │
╰──────────────────────────────────────────────────────────────╯

Trial train_affinity_pipeline_5f3f6_00002 started with configuration:
╭──────────────────────────────────────────────────────────────╮
│ Trial train_affinity_pipeline_5f3f6_00002 config             │
├──────────────────────────────────────────────────────────────┤
│ batch_size                                               128 │
│ dropout                                              0.36225 │
│ hidden_dim                                               256 │
│ lr                                                   0.00051 │
╰──────────────────────────────────────────────────────────────╯
[36m(train_affinity_pipeline pid=447953)[0m Worker running on: cuda
[36m(train_affinity_pipeline pid=447953)[0m GPU Name: AMD Instinct MI250X

Trial status: 2 TERMINATED | 1 RUNNING
Current time: 2026-09-26 23:50:59. Total running time: 2min 0s
Logical resource usage: 2.0/16 CPUs, 1.0/1 GPUs (0.0/1.0 accelerator_type:AMD-Instinct-MI250X)
╭───────────────────────────────────────────────────────────────────────────────────────────────────────────────────────────────────────────────────────────────────────╮
│ Trial name                            status         hidden_dim     dropout            lr     batch_size     iter     total time (s)     r2_score      rmse       mae │
├───────────────────────────────────────────────────────────────────────────────────────────────────────────────────────────────────────────────────────────────────────┤
│ train_affinity_pipeline_5f3f6_00002   RUNNING               256    0.362255   0.000514884            128                                                              │
│ train_affinity_pipeline_5f3f6_00000   TERMINATED            512    0.269231   0.00110686              32       40            47.2605     0.144053   1.73319   1.38629 │
│ train_affinity_pipeline_5f3f6_00001   TERMINATED            512    0.376081   0.00410908              64       10            17.2821     0.050474   1.82547   1.47065 │
╰───────────────────────────────────────────────────────────────────────────────────────────────────────────────────────────────────────────────────────────────────────╯

Trial train_affinity_pipeline_5f3f6_00002 completed after 40 iterations at 2026-09-26 23:51:11. Total running time: 2min 12s
╭──────────────────────────────────────────────────────────────╮
│ Trial train_affinity_pipeline_5f3f6_00002 result             │
├──────────────────────────────────────────────────────────────┤
│ checkpoint_dir_name                                          │
│ time_this_iter_s                                     0.25506 │
│ time_total_s                                         22.8561 │
│ training_iteration                                        40 │
│ mae                                                  1.40002 │
│ r2_score                                             0.13067 │
│ rmse                                                 1.74669 │
╰──────────────────────────────────────────────────────────────╯

Trial train_affinity_pipeline_5f3f6_00003 started with configuration:
╭──────────────────────────────────────────────────────────────╮
│ Trial train_affinity_pipeline_5f3f6_00003 config             │
├──────────────────────────────────────────────────────────────┤
│ batch_size                                                64 │
│ dropout                                              0.34863 │
│ hidden_dim                                              1024 │
│ lr                                                   0.00033 │
╰──────────────────────────────────────────────────────────────╯
[36m(train_affinity_pipeline pid=448032)[0m Worker running on: cuda
[36m(train_affinity_pipeline pid=448032)[0m GPU Name: AMD Instinct MI250X

Trial status: 3 TERMINATED | 1 RUNNING
Current time: 2026-09-26 23:51:29. Total running time: 2min 30s
Logical resource usage: 2.0/16 CPUs, 1.0/1 GPUs (0.0/1.0 accelerator_type:AMD-Instinct-MI250X)
╭───────────────────────────────────────────────────────────────────────────────────────────────────────────────────────────────────────────────────────────────────────╮
│ Trial name                            status         hidden_dim     dropout            lr     batch_size     iter     total time (s)     r2_score      rmse       mae │
├───────────────────────────────────────────────────────────────────────────────────────────────────────────────────────────────────────────────────────────────────────┤
│ train_affinity_pipeline_5f3f6_00003   RUNNING              1024    0.348635   0.00032523              64                                                              │
│ train_affinity_pipeline_5f3f6_00000   TERMINATED            512    0.269231   0.00110686              32       40            47.2605     0.144053   1.73319   1.38629 │
│ train_affinity_pipeline_5f3f6_00001   TERMINATED            512    0.376081   0.00410908              64       10            17.2821     0.050474   1.82547   1.47065 │
│ train_affinity_pipeline_5f3f6_00002   TERMINATED            256    0.362255   0.000514884            128       40            22.8561     0.130668   1.74669   1.40002 │
╰───────────────────────────────────────────────────────────────────────────────────────────────────────────────────────────────────────────────────────────────────────╯

Trial train_affinity_pipeline_5f3f6_00003 completed after 40 iterations at 2026-09-26 23:51:56. Total running time: 2min 56s
╭──────────────────────────────────────────────────────────────╮
│ Trial train_affinity_pipeline_5f3f6_00003 result             │
├──────────────────────────────────────────────────────────────┤
│ checkpoint_dir_name                                          │
│ time_this_iter_s                                     0.41829 │
│ time_total_s                                         29.9926 │
│ training_iteration                                        40 │
│ mae                                                  1.38781 │
│ r2_score                                             0.14124 │
│ rmse                                                 1.73603 │
╰──────────────────────────────────────────────────────────────╯

Trial status: 4 TERMINATED | 1 PENDING
Current time: 2026-09-26 23:51:59. Total running time: 3min 0s
Logical resource usage: 2.0/16 CPUs, 1.0/1 GPUs (0.0/1.0 accelerator_type:AMD-Instinct-MI250X)
╭───────────────────────────────────────────────────────────────────────────────────────────────────────────────────────────────────────────────────────────────────────╮
│ Trial name                            status         hidden_dim     dropout            lr     batch_size     iter     total time (s)     r2_score      rmse       mae │
├───────────────────────────────────────────────────────────────────────────────────────────────────────────────────────────────────────────────────────────────────────┤
│ train_affinity_pipeline_5f3f6_00000   TERMINATED            512    0.269231   0.00110686              32       40            47.2605     0.144053   1.73319   1.38629 │
│ train_affinity_pipeline_5f3f6_00001   TERMINATED            512    0.376081   0.00410908              64       10            17.2821     0.050474   1.82547   1.47065 │
│ train_affinity_pipeline_5f3f6_00002   TERMINATED            256    0.362255   0.000514884            128       40            22.8561     0.130668   1.74669   1.40002 │
│ train_affinity_pipeline_5f3f6_00003   TERMINATED           1024    0.348635   0.00032523              64       40            29.9926     0.141244   1.73603   1.38781 │
│ train_affinity_pipeline_5f3f6_00004   PENDING              1024    0.165757   0.00687226              64                                                              │
╰───────────────────────────────────────────────────────────────────────────────────────────────────────────────────────────────────────────────────────────────────────╯

Trial train_affinity_pipeline_5f3f6_00004 started with configuration:
╭──────────────────────────────────────────────────────────────╮
│ Trial train_affinity_pipeline_5f3f6_00004 config             │
├──────────────────────────────────────────────────────────────┤
│ batch_size                                                64 │
│ dropout                                              0.16576 │
│ hidden_dim                                              1024 │
│ lr                                                   0.00687 │
╰──────────────────────────────────────────────────────────────╯
[36m(train_affinity_pipeline pid=448112)[0m Worker running on: cuda
[36m(train_affinity_pipeline pid=448112)[0m GPU Name: AMD Instinct MI250X

Trial train_affinity_pipeline_5f3f6_00004 completed after 10 iterations at 2026-09-26 23:52:26. Total running time: 3min 26s
╭──────────────────────────────────────────────────────────────╮
│ Trial train_affinity_pipeline_5f3f6_00004 result             │
├──────────────────────────────────────────────────────────────┤
│ checkpoint_dir_name                                          │
│ time_this_iter_s                                     0.41711 │
│ time_total_s                                         16.8931 │
│ training_iteration                                        10 │
│ mae                                                  1.48743 │
│ r2_score                                             0.02878 │
│ rmse                                                 1.84621 │
╰──────────────────────────────────────────────────────────────╯

Trial status: 5 TERMINATED | 1 PENDING
Current time: 2026-09-26 23:52:30. Total running time: 3min 30s
Logical resource usage: 2.0/16 CPUs, 1.0/1 GPUs (0.0/1.0 accelerator_type:AMD-Instinct-MI250X)
╭───────────────────────────────────────────────────────────────────────────────────────────────────────────────────────────────────────────────────────────────────────╮
│ Trial name                            status         hidden_dim     dropout            lr     batch_size     iter     total time (s)     r2_score      rmse       mae │
├───────────────────────────────────────────────────────────────────────────────────────────────────────────────────────────────────────────────────────────────────────┤
│ train_affinity_pipeline_5f3f6_00000   TERMINATED            512    0.269231   0.00110686              32       40            47.2605    0.144053    1.73319   1.38629 │
│ train_affinity_pipeline_5f3f6_00001   TERMINATED            512    0.376081   0.00410908              64       10            17.2821    0.050474    1.82547   1.47065 │
│ train_affinity_pipeline_5f3f6_00002   TERMINATED            256    0.362255   0.000514884            128       40            22.8561    0.130668    1.74669   1.40002 │
│ train_affinity_pipeline_5f3f6_00003   TERMINATED           1024    0.348635   0.00032523              64       40            29.9926    0.141244    1.73603   1.38781 │
│ train_affinity_pipeline_5f3f6_00004   TERMINATED           1024    0.165757   0.00687226              64       10            16.8931    0.0287758   1.84621   1.48743 │
│ train_affinity_pipeline_5f3f6_00005   PENDING              1024    0.137045   0.00122231             128                                                              │
╰───────────────────────────────────────────────────────────────────────────────────────────────────────────────────────────────────────────────────────────────────────╯

Trial train_affinity_pipeline_5f3f6_00005 started with configuration:
╭──────────────────────────────────────────────────────────────╮
│ Trial train_affinity_pipeline_5f3f6_00005 config             │
├──────────────────────────────────────────────────────────────┤
│ batch_size                                               128 │
│ dropout                                              0.13704 │
│ hidden_dim                                              1024 │
│ lr                                                   0.00122 │
╰──────────────────────────────────────────────────────────────╯
[36m(train_affinity_pipeline pid=448213)[0m Worker running on: cuda
[36m(train_affinity_pipeline pid=448213)[0m GPU Name: AMD Instinct MI250X

Trial train_affinity_pipeline_5f3f6_00005 completed after 20 iterations at 2026-09-26 23:52:58. Total running time: 3min 59s
╭──────────────────────────────────────────────────────────────╮
│ Trial train_affinity_pipeline_5f3f6_00005 result             │
├──────────────────────────────────────────────────────────────┤
│ checkpoint_dir_name                                          │
│ time_this_iter_s                                     0.27151 │
│ time_total_s                                         18.4243 │
│ training_iteration                                        20 │
│ mae                                                  1.43374 │
│ r2_score                                              0.0618 │
│ rmse                                                 1.81455 │
╰──────────────────────────────────────────────────────────────╯

Trial status: 6 TERMINATED | 1 PENDING
Current time: 2026-09-26 23:53:00. Total running time: 4min 0s
Logical resource usage: 2.0/16 CPUs, 1.0/1 GPUs (0.0/1.0 accelerator_type:AMD-Instinct-MI250X)
╭───────────────────────────────────────────────────────────────────────────────────────────────────────────────────────────────────────────────────────────────────────╮
│ Trial name                            status         hidden_dim     dropout            lr     batch_size     iter     total time (s)     r2_score      rmse       mae │
├───────────────────────────────────────────────────────────────────────────────────────────────────────────────────────────────────────────────────────────────────────┤
│ train_affinity_pipeline_5f3f6_00000   TERMINATED            512    0.269231   0.00110686              32       40            47.2605    0.144053    1.73319   1.38629 │
│ train_affinity_pipeline_5f3f6_00001   TERMINATED            512    0.376081   0.00410908              64       10            17.2821    0.050474    1.82547   1.47065 │
│ train_affinity_pipeline_5f3f6_00002   TERMINATED            256    0.362255   0.000514884            128       40            22.8561    0.130668    1.74669   1.40002 │
│ train_affinity_pipeline_5f3f6_00003   TERMINATED           1024    0.348635   0.00032523              64       40            29.9926    0.141244    1.73603   1.38781 │
│ train_affinity_pipeline_5f3f6_00004   TERMINATED           1024    0.165757   0.00687226              64       10            16.8931    0.0287758   1.84621   1.48743 │
│ train_affinity_pipeline_5f3f6_00005   TERMINATED           1024    0.137045   0.00122231             128       20            18.4243    0.0618014   1.81455   1.43374 │
│ train_affinity_pipeline_5f3f6_00006   PENDING               512    0.335521   0.00123366              64                                                              │
╰───────────────────────────────────────────────────────────────────────────────────────────────────────────────────────────────────────────────────────────────────────╯

Trial train_affinity_pipeline_5f3f6_00006 started with configuration:
╭──────────────────────────────────────────────────────────────╮
│ Trial train_affinity_pipeline_5f3f6_00006 config             │
├──────────────────────────────────────────────────────────────┤
│ batch_size                                                64 │
│ dropout                                              0.33552 │
│ hidden_dim                                               512 │
│ lr                                                   0.00123 │
╰──────────────────────────────────────────────────────────────╯
[36m(train_affinity_pipeline pid=448291)[0m Worker running on: cuda
[36m(train_affinity_pipeline pid=448291)[0m GPU Name: AMD Instinct MI250X

Trial status: 6 TERMINATED | 1 RUNNING
Current time: 2026-09-26 23:53:30. Total running time: 4min 30s
Logical resource usage: 2.0/16 CPUs, 1.0/1 GPUs (0.0/1.0 accelerator_type:AMD-Instinct-MI250X)
╭───────────────────────────────────────────────────────────────────────────────────────────────────────────────────────────────────────────────────────────────────────╮
│ Trial name                            status         hidden_dim     dropout            lr     batch_size     iter     total time (s)     r2_score      rmse       mae │
├───────────────────────────────────────────────────────────────────────────────────────────────────────────────────────────────────────────────────────────────────────┤
│ train_affinity_pipeline_5f3f6_00006   RUNNING               512    0.335521   0.00123366              64        8            16.1201    0.0742813   1.80244   1.45155 │
│ train_affinity_pipeline_5f3f6_00000   TERMINATED            512    0.269231   0.00110686              32       40            47.2605    0.144053    1.73319   1.38629 │
│ train_affinity_pipeline_5f3f6_00001   TERMINATED            512    0.376081   0.00410908              64       10            17.2821    0.050474    1.82547   1.47065 │
│ train_affinity_pipeline_5f3f6_00002   TERMINATED            256    0.362255   0.000514884            128       40            22.8561    0.130668    1.74669   1.40002 │
│ train_affinity_pipeline_5f3f6_00003   TERMINATED           1024    0.348635   0.00032523              64       40            29.9926    0.141244    1.73603   1.38781 │
│ train_affinity_pipeline_5f3f6_00004   TERMINATED           1024    0.165757   0.00687226              64       10            16.8931    0.0287758   1.84621   1.48743 │
│ train_affinity_pipeline_5f3f6_00005   TERMINATED           1024    0.137045   0.00122231             128       20            18.4243    0.0618014   1.81455   1.43374 │
╰───────────────────────────────────────────────────────────────────────────────────────────────────────────────────────────────────────────────────────────────────────╯

Trial train_affinity_pipeline_5f3f6_00006 completed after 10 iterations at 2026-09-26 23:53:30. Total running time: 4min 31s
╭──────────────────────────────────────────────────────────────╮
│ Trial train_affinity_pipeline_5f3f6_00006 result             │
├──────────────────────────────────────────────────────────────┤
│ checkpoint_dir_name                                          │
│ time_this_iter_s                                     0.41507 │
│ time_total_s                                         16.9518 │
│ training_iteration                                        10 │
│ mae                                                  1.43659 │
│ r2_score                                              0.0739 │
│ rmse                                                 1.80281 │
╰──────────────────────────────────────────────────────────────╯

Trial train_affinity_pipeline_5f3f6_00007 started with configuration:
╭──────────────────────────────────────────────────────────────╮
│ Trial train_affinity_pipeline_5f3f6_00007 config             │
├──────────────────────────────────────────────────────────────┤
│ batch_size                                                32 │
│ dropout                                              0.12695 │
│ hidden_dim                                               512 │
│ lr                                                   0.00223 │
╰──────────────────────────────────────────────────────────────╯
[36m(train_affinity_pipeline pid=448370)[0m Worker running on: cuda
[36m(train_affinity_pipeline pid=448370)[0m GPU Name: AMD Instinct MI250X

Trial status: 7 TERMINATED | 1 RUNNING
Current time: 2026-09-26 23:54:00. Total running time: 5min 0s
Logical resource usage: 2.0/16 CPUs, 1.0/1 GPUs (0.0/1.0 accelerator_type:AMD-Instinct-MI250X)
╭───────────────────────────────────────────────────────────────────────────────────────────────────────────────────────────────────────────────────────────────────────╮
│ Trial name                            status         hidden_dim     dropout            lr     batch_size     iter     total time (s)     r2_score      rmse       mae │
├───────────────────────────────────────────────────────────────────────────────────────────────────────────────────────────────────────────────────────────────────────┤
│ train_affinity_pipeline_5f3f6_00007   RUNNING               512    0.126953   0.0022343               32        3            14.9451    0.0207827   1.85379   1.49348 │
│ train_affinity_pipeline_5f3f6_00000   TERMINATED            512    0.269231   0.00110686              32       40            47.2605    0.144053    1.73319   1.38629 │
│ train_affinity_pipeline_5f3f6_00001   TERMINATED            512    0.376081   0.00410908              64       10            17.2821    0.050474    1.82547   1.47065 │
│ train_affinity_pipeline_5f3f6_00002   TERMINATED            256    0.362255   0.000514884            128       40            22.8561    0.130668    1.74669   1.40002 │
│ train_affinity_pipeline_5f3f6_00003   TERMINATED           1024    0.348635   0.00032523              64       40            29.9926    0.141244    1.73603   1.38781 │
│ train_affinity_pipeline_5f3f6_00004   TERMINATED           1024    0.165757   0.00687226              64       10            16.8931    0.0287758   1.84621   1.48743 │
│ train_affinity_pipeline_5f3f6_00005   TERMINATED           1024    0.137045   0.00122231             128       20            18.4243    0.0618014   1.81455   1.43374 │
│ train_affinity_pipeline_5f3f6_00006   TERMINATED            512    0.335521   0.00123366              64       10            16.9518    0.0739049   1.80281   1.43659 │
╰───────────────────────────────────────────────────────────────────────────────────────────────────────────────────────────────────────────────────────────────────────╯

Trial train_affinity_pipeline_5f3f6_00007 completed after 40 iterations at 2026-09-26 23:54:27. Total running time: 5min 27s
╭──────────────────────────────────────────────────────────────╮
│ Trial train_affinity_pipeline_5f3f6_00007 result             │
├──────────────────────────────────────────────────────────────┤
│ checkpoint_dir_name                                          │
│ time_this_iter_s                                     0.73675 │
│ time_total_s                                         42.4405 │
│ training_iteration                                        40 │
│ mae                                                  1.39106 │
│ r2_score                                             0.14158 │
│ rmse                                                 1.73569 │
╰──────────────────────────────────────────────────────────────╯

Trial status: 8 TERMINATED | 1 PENDING
Current time: 2026-09-26 23:54:30. Total running time: 5min 30s
Logical resource usage: 2.0/16 CPUs, 1.0/1 GPUs (0.0/1.0 accelerator_type:AMD-Instinct-MI250X)
╭───────────────────────────────────────────────────────────────────────────────────────────────────────────────────────────────────────────────────────────────────────╮
│ Trial name                            status         hidden_dim     dropout            lr     batch_size     iter     total time (s)     r2_score      rmse       mae │
├───────────────────────────────────────────────────────────────────────────────────────────────────────────────────────────────────────────────────────────────────────┤
│ train_affinity_pipeline_5f3f6_00000   TERMINATED            512    0.269231   0.00110686              32       40            47.2605    0.144053    1.73319   1.38629 │
│ train_affinity_pipeline_5f3f6_00001   TERMINATED            512    0.376081   0.00410908              64       10            17.2821    0.050474    1.82547   1.47065 │
│ train_affinity_pipeline_5f3f6_00002   TERMINATED            256    0.362255   0.000514884            128       40            22.8561    0.130668    1.74669   1.40002 │
│ train_affinity_pipeline_5f3f6_00003   TERMINATED           1024    0.348635   0.00032523              64       40            29.9926    0.141244    1.73603   1.38781 │
│ train_affinity_pipeline_5f3f6_00004   TERMINATED           1024    0.165757   0.00687226              64       10            16.8931    0.0287758   1.84621   1.48743 │
│ train_affinity_pipeline_5f3f6_00005   TERMINATED           1024    0.137045   0.00122231             128       20            18.4243    0.0618014   1.81455   1.43374 │
│ train_affinity_pipeline_5f3f6_00006   TERMINATED            512    0.335521   0.00123366              64       10            16.9518    0.0739049   1.80281   1.43659 │
│ train_affinity_pipeline_5f3f6_00007   TERMINATED            512    0.126953   0.0022343               32       40            42.4405    0.14158     1.73569   1.39106 │
│ train_affinity_pipeline_5f3f6_00008   PENDING               512    0.207696   0.00182971              64                                                              │
╰───────────────────────────────────────────────────────────────────────────────────────────────────────────────────────────────────────────────────────────────────────╯

Trial train_affinity_pipeline_5f3f6_00008 started with configuration:
╭──────────────────────────────────────────────────────────────╮
│ Trial train_affinity_pipeline_5f3f6_00008 config             │
├──────────────────────────────────────────────────────────────┤
│ batch_size                                                64 │
│ dropout                                               0.2077 │
│ hidden_dim                                               512 │
│ lr                                                   0.00183 │
╰──────────────────────────────────────────────────────────────╯
[36m(train_affinity_pipeline pid=448450)[0m Worker running on: cuda
[36m(train_affinity_pipeline pid=448450)[0m GPU Name: AMD Instinct MI250X

Trial status: 8 TERMINATED | 1 RUNNING
Current time: 2026-09-26 23:55:00. Total running time: 6min 0s
Logical resource usage: 2.0/16 CPUs, 1.0/1 GPUs (0.0/1.0 accelerator_type:AMD-Instinct-MI250X)
╭───────────────────────────────────────────────────────────────────────────────────────────────────────────────────────────────────────────────────────────────────────╮
│ Trial name                            status         hidden_dim     dropout            lr     batch_size     iter     total time (s)     r2_score      rmse       mae │
├───────────────────────────────────────────────────────────────────────────────────────────────────────────────────────────────────────────────────────────────────────┤
│ train_affinity_pipeline_5f3f6_00008   RUNNING               512    0.207696   0.00182971              64       13            18.4516    0.108765    1.76855   1.41965 │
│ train_affinity_pipeline_5f3f6_00000   TERMINATED            512    0.269231   0.00110686              32       40            47.2605    0.144053    1.73319   1.38629 │
│ train_affinity_pipeline_5f3f6_00001   TERMINATED            512    0.376081   0.00410908              64       10            17.2821    0.050474    1.82547   1.47065 │
│ train_affinity_pipeline_5f3f6_00002   TERMINATED            256    0.362255   0.000514884            128       40            22.8561    0.130668    1.74669   1.40002 │
│ train_affinity_pipeline_5f3f6_00003   TERMINATED           1024    0.348635   0.00032523              64       40            29.9926    0.141244    1.73603   1.38781 │
│ train_affinity_pipeline_5f3f6_00004   TERMINATED           1024    0.165757   0.00687226              64       10            16.8931    0.0287758   1.84621   1.48743 │
│ train_affinity_pipeline_5f3f6_00005   TERMINATED           1024    0.137045   0.00122231             128       20            18.4243    0.0618014   1.81455   1.43374 │
│ train_affinity_pipeline_5f3f6_00006   TERMINATED            512    0.335521   0.00123366              64       10            16.9518    0.0739049   1.80281   1.43659 │
│ train_affinity_pipeline_5f3f6_00007   TERMINATED            512    0.126953   0.0022343               32       40            42.4405    0.14158     1.73569   1.39106 │
╰───────────────────────────────────────────────────────────────────────────────────────────────────────────────────────────────────────────────────────────────────────╯

Trial train_affinity_pipeline_5f3f6_00008 completed after 20 iterations at 2026-09-26 23:55:02. Total running time: 6min 3s
╭──────────────────────────────────────────────────────────────╮
│ Trial train_affinity_pipeline_5f3f6_00008 result             │
├──────────────────────────────────────────────────────────────┤
│ checkpoint_dir_name                                          │
│ time_this_iter_s                                     0.41536 │
│ time_total_s                                         21.3674 │
│ training_iteration                                        20 │
│ mae                                                  1.44517 │
│ r2_score                                             0.08449 │
│ rmse                                                 1.79248 │
╰──────────────────────────────────────────────────────────────╯

Trial train_affinity_pipeline_5f3f6_00009 started with configuration:
╭──────────────────────────────────────────────────────────────╮
│ Trial train_affinity_pipeline_5f3f6_00009 config             │
├──────────────────────────────────────────────────────────────┤
│ batch_size                                                32 │
│ dropout                                              0.23502 │
│ hidden_dim                                               256 │
│ lr                                                   0.00014 │
╰──────────────────────────────────────────────────────────────╯
[36m(train_affinity_pipeline pid=448529)[0m Worker running on: cuda
[36m(train_affinity_pipeline pid=448529)[0m GPU Name: AMD Instinct MI250X

Trial status: 9 TERMINATED | 1 RUNNING
Current time: 2026-09-26 23:55:30. Total running time: 6min 30s
Logical resource usage: 2.0/16 CPUs, 1.0/1 GPUs (0.0/1.0 accelerator_type:AMD-Instinct-MI250X)
╭───────────────────────────────────────────────────────────────────────────────────────────────────────────────────────────────────────────────────────────────────────╮
│ Trial name                            status         hidden_dim     dropout            lr     batch_size     iter     total time (s)     r2_score      rmse       mae │
├───────────────────────────────────────────────────────────────────────────────────────────────────────────────────────────────────────────────────────────────────────┤
│ train_affinity_pipeline_5f3f6_00009   RUNNING               256    0.235018   0.000137324             32        1            13.3782   -3.19401     3.83651   3.40963 │
│ train_affinity_pipeline_5f3f6_00000   TERMINATED            512    0.269231   0.00110686              32       40            47.2605    0.144053    1.73319   1.38629 │
│ train_affinity_pipeline_5f3f6_00001   TERMINATED            512    0.376081   0.00410908              64       10            17.2821    0.050474    1.82547   1.47065 │
│ train_affinity_pipeline_5f3f6_00002   TERMINATED            256    0.362255   0.000514884            128       40            22.8561    0.130668    1.74669   1.40002 │
│ train_affinity_pipeline_5f3f6_00003   TERMINATED           1024    0.348635   0.00032523              64       40            29.9926    0.141244    1.73603   1.38781 │
│ train_affinity_pipeline_5f3f6_00004   TERMINATED           1024    0.165757   0.00687226              64       10            16.8931    0.0287758   1.84621   1.48743 │
│ train_affinity_pipeline_5f3f6_00005   TERMINATED           1024    0.137045   0.00122231             128       20            18.4243    0.0618014   1.81455   1.43374 │
│ train_affinity_pipeline_5f3f6_00006   TERMINATED            512    0.335521   0.00123366              64       10            16.9518    0.0739049   1.80281   1.43659 │
│ train_affinity_pipeline_5f3f6_00007   TERMINATED            512    0.126953   0.0022343               32       40            42.4405    0.14158     1.73569   1.39106 │
│ train_affinity_pipeline_5f3f6_00008   TERMINATED            512    0.207696   0.00182971              64       20            21.3674    0.0844857   1.79248   1.44517 │
╰───────────────────────────────────────────────────────────────────────────────────────────────────────────────────────────────────────────────────────────────────────╯

Trial train_affinity_pipeline_5f3f6_00009 completed after 10 iterations at 2026-09-26 23:55:36. Total running time: 6min 36s
╭──────────────────────────────────────────────────────────────╮
│ Trial train_affinity_pipeline_5f3f6_00009 result             │
├──────────────────────────────────────────────────────────────┤
│ checkpoint_dir_name                                          │
│ time_this_iter_s                                     0.72744 │
│ time_total_s                                          20.037 │
│ training_iteration                                        10 │
│ mae                                                  1.45089 │
│ r2_score                                             0.06868 │
│ rmse                                                 1.80789 │
╰──────────────────────────────────────────────────────────────╯

Trial train_affinity_pipeline_5f3f6_00010 started with configuration:
╭──────────────────────────────────────────────────────────────╮
│ Trial train_affinity_pipeline_5f3f6_00010 config             │
├──────────────────────────────────────────────────────────────┤
│ batch_size                                               128 │
│ dropout                                              0.31896 │
│ hidden_dim                                               512 │
│ lr                                                    0.0002 │
╰──────────────────────────────────────────────────────────────╯
[36m(train_affinity_pipeline pid=448609)[0m Worker running on: cuda
[36m(train_affinity_pipeline pid=448609)[0m GPU Name: AMD Instinct MI250X

Trial status: 10 TERMINATED | 1 RUNNING
Current time: 2026-09-26 23:56:00. Total running time: 7min 0s
Logical resource usage: 2.0/16 CPUs, 1.0/1 GPUs (0.0/1.0 accelerator_type:AMD-Instinct-MI250X)
╭───────────────────────────────────────────────────────────────────────────────────────────────────────────────────────────────────────────────────────────────────────╮
│ Trial name                            status         hidden_dim     dropout            lr     batch_size     iter     total time (s)     r2_score      rmse       mae │
├───────────────────────────────────────────────────────────────────────────────────────────────────────────────────────────────────────────────────────────────────────┤
│ train_affinity_pipeline_5f3f6_00010   RUNNING               512    0.318957   0.000204878            128                                                              │
│ train_affinity_pipeline_5f3f6_00000   TERMINATED            512    0.269231   0.00110686              32       40            47.2605    0.144053    1.73319   1.38629 │
│ train_affinity_pipeline_5f3f6_00001   TERMINATED            512    0.376081   0.00410908              64       10            17.2821    0.050474    1.82547   1.47065 │
│ train_affinity_pipeline_5f3f6_00002   TERMINATED            256    0.362255   0.000514884            128       40            22.8561    0.130668    1.74669   1.40002 │
│ train_affinity_pipeline_5f3f6_00003   TERMINATED           1024    0.348635   0.00032523              64       40            29.9926    0.141244    1.73603   1.38781 │
│ train_affinity_pipeline_5f3f6_00004   TERMINATED           1024    0.165757   0.00687226              64       10            16.8931    0.0287758   1.84621   1.48743 │
│ train_affinity_pipeline_5f3f6_00005   TERMINATED           1024    0.137045   0.00122231             128       20            18.4243    0.0618014   1.81455   1.43374 │
│ train_affinity_pipeline_5f3f6_00006   TERMINATED            512    0.335521   0.00123366              64       10            16.9518    0.0739049   1.80281   1.43659 │
│ train_affinity_pipeline_5f3f6_00007   TERMINATED            512    0.126953   0.0022343               32       40            42.4405    0.14158     1.73569   1.39106 │
│ train_affinity_pipeline_5f3f6_00008   TERMINATED            512    0.207696   0.00182971              64       20            21.3674    0.0844857   1.79248   1.44517 │
│ train_affinity_pipeline_5f3f6_00009   TERMINATED            256    0.235018   0.000137324             32       10            20.037     0.0686828   1.80789   1.45089 │
╰───────────────────────────────────────────────────────────────────────────────────────────────────────────────────────────────────────────────────────────────────────╯

Trial train_affinity_pipeline_5f3f6_00010 completed after 40 iterations at 2026-09-26 23:56:13. Total running time: 7min 13s
╭──────────────────────────────────────────────────────────────╮
│ Trial train_affinity_pipeline_5f3f6_00010 result             │
├──────────────────────────────────────────────────────────────┤
│ checkpoint_dir_name                                          │
│ time_this_iter_s                                     0.25566 │
│ time_total_s                                         23.1266 │
│ training_iteration                                        40 │
│ mae                                                  1.39567 │
│ r2_score                                             0.13404 │
│ rmse                                                 1.74329 │
╰──────────────────────────────────────────────────────────────╯

Trial train_affinity_pipeline_5f3f6_00011 started with configuration:
╭──────────────────────────────────────────────────────────────╮
│ Trial train_affinity_pipeline_5f3f6_00011 config             │
├──────────────────────────────────────────────────────────────┤
│ batch_size                                                32 │
│ dropout                                              0.17698 │
│ hidden_dim                                               256 │
│ lr                                                   0.00758 │
╰──────────────────────────────────────────────────────────────╯
[36m(train_affinity_pipeline pid=448689)[0m Worker running on: cuda
[36m(train_affinity_pipeline pid=448689)[0m GPU Name: AMD Instinct MI250X

Trial status: 11 TERMINATED | 1 RUNNING
Current time: 2026-09-26 23:56:30. Total running time: 7min 30s
Logical resource usage: 2.0/16 CPUs, 1.0/1 GPUs (0.0/1.0 accelerator_type:AMD-Instinct-MI250X)
╭───────────────────────────────────────────────────────────────────────────────────────────────────────────────────────────────────────────────────────────────────────╮
│ Trial name                            status         hidden_dim     dropout            lr     batch_size     iter     total time (s)     r2_score      rmse       mae │
├───────────────────────────────────────────────────────────────────────────────────────────────────────────────────────────────────────────────────────────────────────┤
│ train_affinity_pipeline_5f3f6_00011   RUNNING               256    0.176978   0.00758045              32                                                              │
│ train_affinity_pipeline_5f3f6_00000   TERMINATED            512    0.269231   0.00110686              32       40            47.2605    0.144053    1.73319   1.38629 │
│ train_affinity_pipeline_5f3f6_00001   TERMINATED            512    0.376081   0.00410908              64       10            17.2821    0.050474    1.82547   1.47065 │
│ train_affinity_pipeline_5f3f6_00002   TERMINATED            256    0.362255   0.000514884            128       40            22.8561    0.130668    1.74669   1.40002 │
│ train_affinity_pipeline_5f3f6_00003   TERMINATED           1024    0.348635   0.00032523              64       40            29.9926    0.141244    1.73603   1.38781 │
│ train_affinity_pipeline_5f3f6_00004   TERMINATED           1024    0.165757   0.00687226              64       10            16.8931    0.0287758   1.84621   1.48743 │
│ train_affinity_pipeline_5f3f6_00005   TERMINATED           1024    0.137045   0.00122231             128       20            18.4243    0.0618014   1.81455   1.43374 │
│ train_affinity_pipeline_5f3f6_00006   TERMINATED            512    0.335521   0.00123366              64       10            16.9518    0.0739049   1.80281   1.43659 │
│ train_affinity_pipeline_5f3f6_00007   TERMINATED            512    0.126953   0.0022343               32       40            42.4405    0.14158     1.73569   1.39106 │
│ train_affinity_pipeline_5f3f6_00008   TERMINATED            512    0.207696   0.00182971              64       20            21.3674    0.0844857   1.79248   1.44517 │
│ train_affinity_pipeline_5f3f6_00009   TERMINATED            256    0.235018   0.000137324             32       10            20.037     0.0686828   1.80789   1.45089 │
│ train_affinity_pipeline_5f3f6_00010   TERMINATED            512    0.318957   0.000204878            128       40            23.1265    0.134045    1.74329   1.39567 │
╰───────────────────────────────────────────────────────────────────────────────────────────────────────────────────────────────────────────────────────────────────────╯

Trial train_affinity_pipeline_5f3f6_00011 completed after 20 iterations at 2026-09-26 23:56:53. Total running time: 7min 54s
╭──────────────────────────────────────────────────────────────╮
│ Trial train_affinity_pipeline_5f3f6_00011 result             │
├──────────────────────────────────────────────────────────────┤
│ checkpoint_dir_name                                          │
│ time_this_iter_s                                     0.73914 │
│ time_total_s                                         27.7055 │
│ training_iteration                                        20 │
│ mae                                                  1.45752 │
│ r2_score                                             0.06798 │
│ rmse                                                 1.80857 │
╰──────────────────────────────────────────────────────────────╯

Trial status: 12 TERMINATED | 1 PENDING
Current time: 2026-09-26 23:57:00. Total running time: 8min 0s
Logical resource usage: 2.0/16 CPUs, 1.0/1 GPUs (0.0/1.0 accelerator_type:AMD-Instinct-MI250X)
╭───────────────────────────────────────────────────────────────────────────────────────────────────────────────────────────────────────────────────────────────────────╮
│ Trial name                            status         hidden_dim     dropout            lr     batch_size     iter     total time (s)     r2_score      rmse       mae │
├───────────────────────────────────────────────────────────────────────────────────────────────────────────────────────────────────────────────────────────────────────┤
│ train_affinity_pipeline_5f3f6_00000   TERMINATED            512    0.269231   0.00110686              32       40            47.2605    0.144053    1.73319   1.38629 │
│ train_affinity_pipeline_5f3f6_00001   TERMINATED            512    0.376081   0.00410908              64       10            17.2821    0.050474    1.82547   1.47065 │
│ train_affinity_pipeline_5f3f6_00002   TERMINATED            256    0.362255   0.000514884            128       40            22.8561    0.130668    1.74669   1.40002 │
│ train_affinity_pipeline_5f3f6_00003   TERMINATED           1024    0.348635   0.00032523              64       40            29.9926    0.141244    1.73603   1.38781 │
│ train_affinity_pipeline_5f3f6_00004   TERMINATED           1024    0.165757   0.00687226              64       10            16.8931    0.0287758   1.84621   1.48743 │
│ train_affinity_pipeline_5f3f6_00005   TERMINATED           1024    0.137045   0.00122231             128       20            18.4243    0.0618014   1.81455   1.43374 │
│ train_affinity_pipeline_5f3f6_00006   TERMINATED            512    0.335521   0.00123366              64       10            16.9518    0.0739049   1.80281   1.43659 │
│ train_affinity_pipeline_5f3f6_00007   TERMINATED            512    0.126953   0.0022343               32       40            42.4405    0.14158     1.73569   1.39106 │
│ train_affinity_pipeline_5f3f6_00008   TERMINATED            512    0.207696   0.00182971              64       20            21.3674    0.0844857   1.79248   1.44517 │
│ train_affinity_pipeline_5f3f6_00009   TERMINATED            256    0.235018   0.000137324             32       10            20.037     0.0686828   1.80789   1.45089 │
│ train_affinity_pipeline_5f3f6_00010   TERMINATED            512    0.318957   0.000204878            128       40            23.1265    0.134045    1.74329   1.39567 │
│ train_affinity_pipeline_5f3f6_00011   TERMINATED            256    0.176978   0.00758045              32       20            27.7055    0.0679811   1.80857   1.45752 │
│ train_affinity_pipeline_5f3f6_00012   PENDING              1024    0.161281   0.000178183             64                                                              │
╰───────────────────────────────────────────────────────────────────────────────────────────────────────────────────────────────────────────────────────────────────────╯

Trial train_affinity_pipeline_5f3f6_00012 started with configuration:
╭──────────────────────────────────────────────────────────────╮
│ Trial train_affinity_pipeline_5f3f6_00012 config             │
├──────────────────────────────────────────────────────────────┤
│ batch_size                                                64 │
│ dropout                                              0.16128 │
│ hidden_dim                                              1024 │
│ lr                                                   0.00018 │
╰──────────────────────────────────────────────────────────────╯
[36m(train_affinity_pipeline pid=448770)[0m Worker running on: cuda
[36m(train_affinity_pipeline pid=448770)[0m GPU Name: AMD Instinct MI250X

Trial status: 12 TERMINATED | 1 RUNNING
Current time: 2026-09-26 23:57:30. Total running time: 8min 30s
Logical resource usage: 2.0/16 CPUs, 1.0/1 GPUs (0.0/1.0 accelerator_type:AMD-Instinct-MI250X)
╭───────────────────────────────────────────────────────────────────────────────────────────────────────────────────────────────────────────────────────────────────────╮
│ Trial name                            status         hidden_dim     dropout            lr     batch_size     iter     total time (s)     r2_score      rmse       mae │
├───────────────────────────────────────────────────────────────────────────────────────────────────────────────────────────────────────────────────────────────────────┤
│ train_affinity_pipeline_5f3f6_00012   RUNNING              1024    0.161281   0.000178183             64       22            21.7725    0.121498    1.75587   1.39695 │
│ train_affinity_pipeline_5f3f6_00000   TERMINATED            512    0.269231   0.00110686              32       40            47.2605    0.144053    1.73319   1.38629 │
│ train_affinity_pipeline_5f3f6_00001   TERMINATED            512    0.376081   0.00410908              64       10            17.2821    0.050474    1.82547   1.47065 │
│ train_affinity_pipeline_5f3f6_00002   TERMINATED            256    0.362255   0.000514884            128       40            22.8561    0.130668    1.74669   1.40002 │
│ train_affinity_pipeline_5f3f6_00003   TERMINATED           1024    0.348635   0.00032523              64       40            29.9926    0.141244    1.73603   1.38781 │
│ train_affinity_pipeline_5f3f6_00004   TERMINATED           1024    0.165757   0.00687226              64       10            16.8931    0.0287758   1.84621   1.48743 │
│ train_affinity_pipeline_5f3f6_00005   TERMINATED           1024    0.137045   0.00122231             128       20            18.4243    0.0618014   1.81455   1.43374 │
│ train_affinity_pipeline_5f3f6_00006   TERMINATED            512    0.335521   0.00123366              64       10            16.9518    0.0739049   1.80281   1.43659 │
│ train_affinity_pipeline_5f3f6_00007   TERMINATED            512    0.126953   0.0022343               32       40            42.4405    0.14158     1.73569   1.39106 │
│ train_affinity_pipeline_5f3f6_00008   TERMINATED            512    0.207696   0.00182971              64       20            21.3674    0.0844857   1.79248   1.44517 │
│ train_affinity_pipeline_5f3f6_00009   TERMINATED            256    0.235018   0.000137324             32       10            20.037     0.0686828   1.80789   1.45089 │
│ train_affinity_pipeline_5f3f6_00010   TERMINATED            512    0.318957   0.000204878            128       40            23.1265    0.134045    1.74329   1.39567 │
│ train_affinity_pipeline_5f3f6_00011   TERMINATED            256    0.176978   0.00758045              32       20            27.7055    0.0679811   1.80857   1.45752 │
╰───────────────────────────────────────────────────────────────────────────────────────────────────────────────────────────────────────────────────────────────────────╯

Trial train_affinity_pipeline_5f3f6_00012 completed after 40 iterations at 2026-09-26 23:57:37. Total running time: 8min 38s
╭──────────────────────────────────────────────────────────────╮
│ Trial train_affinity_pipeline_5f3f6_00012 result             │
├──────────────────────────────────────────────────────────────┤
│ checkpoint_dir_name                                          │
│ time_this_iter_s                                     0.41262 │
│ time_total_s                                          29.228 │
│ training_iteration                                        40 │
│ mae                                                  1.36662 │
│ r2_score                                              0.1607 │
│ rmse                                                 1.71625 │
╰──────────────────────────────────────────────────────────────╯

Trial train_affinity_pipeline_5f3f6_00013 started with configuration:
╭──────────────────────────────────────────────────────────────╮
│ Trial train_affinity_pipeline_5f3f6_00013 config             │
├──────────────────────────────────────────────────────────────┤
│ batch_size                                                32 │
│ dropout                                              0.15671 │
│ hidden_dim                                               512 │
│ lr                                                   0.00034 │
╰──────────────────────────────────────────────────────────────╯
[36m(train_affinity_pipeline pid=448851)[0m Worker running on: cuda
[36m(train_affinity_pipeline pid=448851)[0m GPU Name: AMD Instinct MI250X

Trial status: 13 TERMINATED | 1 RUNNING
Current time: 2026-09-26 23:58:00. Total running time: 9min 1s
Logical resource usage: 2.0/16 CPUs, 1.0/1 GPUs (0.0/1.0 accelerator_type:AMD-Instinct-MI250X)
╭───────────────────────────────────────────────────────────────────────────────────────────────────────────────────────────────────────────────────────────────────────╮
│ Trial name                            status         hidden_dim     dropout            lr     batch_size     iter     total time (s)     r2_score      rmse       mae │
├───────────────────────────────────────────────────────────────────────────────────────────────────────────────────────────────────────────────────────────────────────┤
│ train_affinity_pipeline_5f3f6_00013   RUNNING               512    0.156712   0.000339433             32                                                              │
│ train_affinity_pipeline_5f3f6_00000   TERMINATED            512    0.269231   0.00110686              32       40            47.2605    0.144053    1.73319   1.38629 │
│ train_affinity_pipeline_5f3f6_00001   TERMINATED            512    0.376081   0.00410908              64       10            17.2821    0.050474    1.82547   1.47065 │
│ train_affinity_pipeline_5f3f6_00002   TERMINATED            256    0.362255   0.000514884            128       40            22.8561    0.130668    1.74669   1.40002 │
│ train_affinity_pipeline_5f3f6_00003   TERMINATED           1024    0.348635   0.00032523              64       40            29.9926    0.141244    1.73603   1.38781 │
│ train_affinity_pipeline_5f3f6_00004   TERMINATED           1024    0.165757   0.00687226              64       10            16.8931    0.0287758   1.84621   1.48743 │
│ train_affinity_pipeline_5f3f6_00005   TERMINATED           1024    0.137045   0.00122231             128       20            18.4243    0.0618014   1.81455   1.43374 │
│ train_affinity_pipeline_5f3f6_00006   TERMINATED            512    0.335521   0.00123366              64       10            16.9518    0.0739049   1.80281   1.43659 │
│ train_affinity_pipeline_5f3f6_00007   TERMINATED            512    0.126953   0.0022343               32       40            42.4405    0.14158     1.73569   1.39106 │
│ train_affinity_pipeline_5f3f6_00008   TERMINATED            512    0.207696   0.00182971              64       20            21.3674    0.0844857   1.79248   1.44517 │
│ train_affinity_pipeline_5f3f6_00009   TERMINATED            256    0.235018   0.000137324             32       10            20.037     0.0686828   1.80789   1.45089 │
│ train_affinity_pipeline_5f3f6_00010   TERMINATED            512    0.318957   0.000204878            128       40            23.1265    0.134045    1.74329   1.39567 │
│ train_affinity_pipeline_5f3f6_00011   TERMINATED            256    0.176978   0.00758045              32       20            27.7055    0.0679811   1.80857   1.45752 │
│ train_affinity_pipeline_5f3f6_00012   TERMINATED           1024    0.161281   0.000178183             64       40            29.228     0.160701    1.71625   1.36662 │
╰───────────────────────────────────────────────────────────────────────────────────────────────────────────────────────────────────────────────────────────────────────╯

Trial train_affinity_pipeline_5f3f6_00013 completed after 10 iterations at 2026-09-26 23:58:11. Total running time: 9min 11s
╭──────────────────────────────────────────────────────────────╮
│ Trial train_affinity_pipeline_5f3f6_00013 result             │
├──────────────────────────────────────────────────────────────┤
│ checkpoint_dir_name                                          │
│ time_this_iter_s                                     0.73759 │
│ time_total_s                                         20.4995 │
│ training_iteration                                        10 │
│ mae                                                   1.4585 │
│ r2_score                                             0.05671 │
│ rmse                                                 1.81947 │
╰──────────────────────────────────────────────────────────────╯

Trial train_affinity_pipeline_5f3f6_00014 started with configuration:
╭──────────────────────────────────────────────────────────────╮
│ Trial train_affinity_pipeline_5f3f6_00014 config             │
├──────────────────────────────────────────────────────────────┤
│ batch_size                                                32 │
│ dropout                                               0.2363 │
│ hidden_dim                                               512 │
│ lr                                                   0.00111 │
╰──────────────────────────────────────────────────────────────╯
[36m(train_affinity_pipeline pid=448930)[0m Worker running on: cuda
[36m(train_affinity_pipeline pid=448930)[0m GPU Name: AMD Instinct MI250X

Trial status: 14 TERMINATED | 1 RUNNING
Current time: 2026-09-26 23:58:30. Total running time: 9min 31s
Logical resource usage: 2.0/16 CPUs, 1.0/1 GPUs (0.0/1.0 accelerator_type:AMD-Instinct-MI250X)
╭───────────────────────────────────────────────────────────────────────────────────────────────────────────────────────────────────────────────────────────────────────╮
│ Trial name                            status         hidden_dim     dropout            lr     batch_size     iter     total time (s)     r2_score      rmse       mae │
├───────────────────────────────────────────────────────────────────────────────────────────────────────────────────────────────────────────────────────────────────────┤
│ train_affinity_pipeline_5f3f6_00014   RUNNING               512    0.236304   0.00110555              32                                                              │
│ train_affinity_pipeline_5f3f6_00000   TERMINATED            512    0.269231   0.00110686              32       40            47.2605    0.144053    1.73319   1.38629 │
│ train_affinity_pipeline_5f3f6_00001   TERMINATED            512    0.376081   0.00410908              64       10            17.2821    0.050474    1.82547   1.47065 │
│ train_affinity_pipeline_5f3f6_00002   TERMINATED            256    0.362255   0.000514884            128       40            22.8561    0.130668    1.74669   1.40002 │
│ train_affinity_pipeline_5f3f6_00003   TERMINATED           1024    0.348635   0.00032523              64       40            29.9926    0.141244    1.73603   1.38781 │
│ train_affinity_pipeline_5f3f6_00004   TERMINATED           1024    0.165757   0.00687226              64       10            16.8931    0.0287758   1.84621   1.48743 │
│ train_affinity_pipeline_5f3f6_00005   TERMINATED           1024    0.137045   0.00122231             128       20            18.4243    0.0618014   1.81455   1.43374 │
│ train_affinity_pipeline_5f3f6_00006   TERMINATED            512    0.335521   0.00123366              64       10            16.9518    0.0739049   1.80281   1.43659 │
│ train_affinity_pipeline_5f3f6_00007   TERMINATED            512    0.126953   0.0022343               32       40            42.4405    0.14158     1.73569   1.39106 │
│ train_affinity_pipeline_5f3f6_00008   TERMINATED            512    0.207696   0.00182971              64       20            21.3674    0.0844857   1.79248   1.44517 │
│ train_affinity_pipeline_5f3f6_00009   TERMINATED            256    0.235018   0.000137324             32       10            20.037     0.0686828   1.80789   1.45089 │
│ train_affinity_pipeline_5f3f6_00010   TERMINATED            512    0.318957   0.000204878            128       40            23.1265    0.134045    1.74329   1.39567 │
│ train_affinity_pipeline_5f3f6_00011   TERMINATED            256    0.176978   0.00758045              32       20            27.7055    0.0679811   1.80857   1.45752 │
│ train_affinity_pipeline_5f3f6_00012   TERMINATED           1024    0.161281   0.000178183             64       40            29.228     0.160701    1.71625   1.36662 │
│ train_affinity_pipeline_5f3f6_00013   TERMINATED            512    0.156712   0.000339433             32       10            20.4995    0.0567109   1.81947   1.4585  │
╰───────────────────────────────────────────────────────────────────────────────────────────────────────────────────────────────────────────────────────────────────────╯

Trial train_affinity_pipeline_5f3f6_00014 completed after 20 iterations at 2026-09-26 23:58:55. Total running time: 9min 55s
╭──────────────────────────────────────────────────────────────╮
│ Trial train_affinity_pipeline_5f3f6_00014 result             │
├──────────────────────────────────────────────────────────────┤
│ checkpoint_dir_name                                          │
│ time_this_iter_s                                     0.73588 │
│ time_total_s                                         27.2832 │
│ training_iteration                                        20 │
│ mae                                                  1.50025 │
│ r2_score                                             0.01959 │
│ rmse                                                 1.85493 │
╰──────────────────────────────────────────────────────────────╯

Trial status: 15 TERMINATED | 1 PENDING
Current time: 2026-09-26 23:59:00. Total running time: 10min 1s
Logical resource usage: 2.0/16 CPUs, 1.0/1 GPUs (0.0/1.0 accelerator_type:AMD-Instinct-MI250X)
╭───────────────────────────────────────────────────────────────────────────────────────────────────────────────────────────────────────────────────────────────────────╮
│ Trial name                            status         hidden_dim     dropout            lr     batch_size     iter     total time (s)     r2_score      rmse       mae │
├───────────────────────────────────────────────────────────────────────────────────────────────────────────────────────────────────────────────────────────────────────┤
│ train_affinity_pipeline_5f3f6_00000   TERMINATED            512    0.269231   0.00110686              32       40            47.2605    0.144053    1.73319   1.38629 │
│ train_affinity_pipeline_5f3f6_00001   TERMINATED            512    0.376081   0.00410908              64       10            17.2821    0.050474    1.82547   1.47065 │
│ train_affinity_pipeline_5f3f6_00002   TERMINATED            256    0.362255   0.000514884            128       40            22.8561    0.130668    1.74669   1.40002 │
│ train_affinity_pipeline_5f3f6_00003   TERMINATED           1024    0.348635   0.00032523              64       40            29.9926    0.141244    1.73603   1.38781 │
│ train_affinity_pipeline_5f3f6_00004   TERMINATED           1024    0.165757   0.00687226              64       10            16.8931    0.0287758   1.84621   1.48743 │
│ train_affinity_pipeline_5f3f6_00005   TERMINATED           1024    0.137045   0.00122231             128       20            18.4243    0.0618014   1.81455   1.43374 │
│ train_affinity_pipeline_5f3f6_00006   TERMINATED            512    0.335521   0.00123366              64       10            16.9518    0.0739049   1.80281   1.43659 │
│ train_affinity_pipeline_5f3f6_00007   TERMINATED            512    0.126953   0.0022343               32       40            42.4405    0.14158     1.73569   1.39106 │
│ train_affinity_pipeline_5f3f6_00008   TERMINATED            512    0.207696   0.00182971              64       20            21.3674    0.0844857   1.79248   1.44517 │
│ train_affinity_pipeline_5f3f6_00009   TERMINATED            256    0.235018   0.000137324             32       10            20.037     0.0686828   1.80789   1.45089 │
│ train_affinity_pipeline_5f3f6_00010   TERMINATED            512    0.318957   0.000204878            128       40            23.1265    0.134045    1.74329   1.39567 │
│ train_affinity_pipeline_5f3f6_00011   TERMINATED            256    0.176978   0.00758045              32       20            27.7055    0.0679811   1.80857   1.45752 │
│ train_affinity_pipeline_5f3f6_00012   TERMINATED           1024    0.161281   0.000178183             64       40            29.228     0.160701    1.71625   1.36662 │
│ train_affinity_pipeline_5f3f6_00013   TERMINATED            512    0.156712   0.000339433             32       10            20.4995    0.0567109   1.81947   1.4585  │
│ train_affinity_pipeline_5f3f6_00014   TERMINATED            512    0.236304   0.00110555              32       20            27.2832    0.0195877   1.85493   1.50025 │
│ train_affinity_pipeline_5f3f6_00015   PENDING               256    0.342587   0.000102016            128                                                              │
╰───────────────────────────────────────────────────────────────────────────────────────────────────────────────────────────────────────────────────────────────────────╯

Trial train_affinity_pipeline_5f3f6_00015 started with configuration:
╭──────────────────────────────────────────────────────────────╮
│ Trial train_affinity_pipeline_5f3f6_00015 config             │
├──────────────────────────────────────────────────────────────┤
│ batch_size                                               128 │
│ dropout                                              0.34259 │
│ hidden_dim                                               256 │
│ lr                                                    0.0001 │
╰──────────────────────────────────────────────────────────────╯
[36m(train_affinity_pipeline pid=449011)[0m Worker running on: cuda
[36m(train_affinity_pipeline pid=449011)[0m GPU Name: AMD Instinct MI250X

Trial train_affinity_pipeline_5f3f6_00015 completed after 10 iterations at 2026-09-26 23:59:24. Total running time: 10min 25s
╭───────────────────────────────────────────────────────────────╮
│ Trial train_affinity_pipeline_5f3f6_00015 result              │
├───────────────────────────────────────────────────────────────┤
│ checkpoint_dir_name                                           │
│ time_this_iter_s                                      0.25531 │
│ time_total_s                                          16.4044 │
│ training_iteration                                         10 │
│ mae                                                   1.79585 │
│ r2_score                                             -0.36505 │
│ rmse                                                  2.18875 │
╰───────────────────────────────────────────────────────────────╯

Trial status: 16 TERMINATED | 1 PENDING
Current time: 2026-09-26 23:59:30. Total running time: 10min 31s
Logical resource usage: 2.0/16 CPUs, 1.0/1 GPUs (0.0/1.0 accelerator_type:AMD-Instinct-MI250X)
╭───────────────────────────────────────────────────────────────────────────────────────────────────────────────────────────────────────────────────────────────────────╮
│ Trial name                            status         hidden_dim     dropout            lr     batch_size     iter     total time (s)     r2_score      rmse       mae │
├───────────────────────────────────────────────────────────────────────────────────────────────────────────────────────────────────────────────────────────────────────┤
│ train_affinity_pipeline_5f3f6_00000   TERMINATED            512    0.269231   0.00110686              32       40            47.2605    0.144053    1.73319   1.38629 │
│ train_affinity_pipeline_5f3f6_00001   TERMINATED            512    0.376081   0.00410908              64       10            17.2821    0.050474    1.82547   1.47065 │
│ train_affinity_pipeline_5f3f6_00002   TERMINATED            256    0.362255   0.000514884            128       40            22.8561    0.130668    1.74669   1.40002 │
│ train_affinity_pipeline_5f3f6_00003   TERMINATED           1024    0.348635   0.00032523              64       40            29.9926    0.141244    1.73603   1.38781 │
│ train_affinity_pipeline_5f3f6_00004   TERMINATED           1024    0.165757   0.00687226              64       10            16.8931    0.0287758   1.84621   1.48743 │
│ train_affinity_pipeline_5f3f6_00005   TERMINATED           1024    0.137045   0.00122231             128       20            18.4243    0.0618014   1.81455   1.43374 │
│ train_affinity_pipeline_5f3f6_00006   TERMINATED            512    0.335521   0.00123366              64       10            16.9518    0.0739049   1.80281   1.43659 │
│ train_affinity_pipeline_5f3f6_00007   TERMINATED            512    0.126953   0.0022343               32       40            42.4405    0.14158     1.73569   1.39106 │
│ train_affinity_pipeline_5f3f6_00008   TERMINATED            512    0.207696   0.00182971              64       20            21.3674    0.0844857   1.79248   1.44517 │
│ train_affinity_pipeline_5f3f6_00009   TERMINATED            256    0.235018   0.000137324             32       10            20.037     0.0686828   1.80789   1.45089 │
│ train_affinity_pipeline_5f3f6_00010   TERMINATED            512    0.318957   0.000204878            128       40            23.1265    0.134045    1.74329   1.39567 │
│ train_affinity_pipeline_5f3f6_00011   TERMINATED            256    0.176978   0.00758045              32       20            27.7055    0.0679811   1.80857   1.45752 │
│ train_affinity_pipeline_5f3f6_00012   TERMINATED           1024    0.161281   0.000178183             64       40            29.228     0.160701    1.71625   1.36662 │
│ train_affinity_pipeline_5f3f6_00013   TERMINATED            512    0.156712   0.000339433             32       10            20.4995    0.0567109   1.81947   1.4585  │
│ train_affinity_pipeline_5f3f6_00014   TERMINATED            512    0.236304   0.00110555              32       20            27.2832    0.0195877   1.85493   1.50025 │
│ train_affinity_pipeline_5f3f6_00015   TERMINATED            256    0.342587   0.000102016            128       10            16.4044   -0.36505     2.18875   1.79585 │
│ train_affinity_pipeline_5f3f6_00016   PENDING              1024    0.184512   0.00191606             128                                                              │
╰───────────────────────────────────────────────────────────────────────────────────────────────────────────────────────────────────────────────────────────────────────╯

Trial train_affinity_pipeline_5f3f6_00016 started with configuration:
╭──────────────────────────────────────────────────────────────╮
│ Trial train_affinity_pipeline_5f3f6_00016 config             │
├──────────────────────────────────────────────────────────────┤
│ batch_size                                               128 │
│ dropout                                              0.18451 │
│ hidden_dim                                              1024 │
│ lr                                                   0.00192 │
╰──────────────────────────────────────────────────────────────╯
[36m(train_affinity_pipeline pid=449089)[0m Worker running on: cuda
[36m(train_affinity_pipeline pid=449089)[0m GPU Name: AMD Instinct MI250X

Trial status: 16 TERMINATED | 1 RUNNING
Current time: 2026-09-27 00:00:00. Total running time: 11min 1s
Logical resource usage: 2.0/16 CPUs, 1.0/1 GPUs (0.0/1.0 accelerator_type:AMD-Instinct-MI250X)
╭───────────────────────────────────────────────────────────────────────────────────────────────────────────────────────────────────────────────────────────────────────╮
│ Trial name                            status         hidden_dim     dropout            lr     batch_size     iter     total time (s)     r2_score      rmse       mae │
├───────────────────────────────────────────────────────────────────────────────────────────────────────────────────────────────────────────────────────────────────────┤
│ train_affinity_pipeline_5f3f6_00016   RUNNING              1024    0.184512   0.00191606             128        5            14.6635    0.0829628   1.79397   1.44152 │
│ train_affinity_pipeline_5f3f6_00000   TERMINATED            512    0.269231   0.00110686              32       40            47.2605    0.144053    1.73319   1.38629 │
│ train_affinity_pipeline_5f3f6_00001   TERMINATED            512    0.376081   0.00410908              64       10            17.2821    0.050474    1.82547   1.47065 │
│ train_affinity_pipeline_5f3f6_00002   TERMINATED            256    0.362255   0.000514884            128       40            22.8561    0.130668    1.74669   1.40002 │
│ train_affinity_pipeline_5f3f6_00003   TERMINATED           1024    0.348635   0.00032523              64       40            29.9926    0.141244    1.73603   1.38781 │
│ train_affinity_pipeline_5f3f6_00004   TERMINATED           1024    0.165757   0.00687226              64       10            16.8931    0.0287758   1.84621   1.48743 │
│ train_affinity_pipeline_5f3f6_00005   TERMINATED           1024    0.137045   0.00122231             128       20            18.4243    0.0618014   1.81455   1.43374 │
│ train_affinity_pipeline_5f3f6_00006   TERMINATED            512    0.335521   0.00123366              64       10            16.9518    0.0739049   1.80281   1.43659 │
│ train_affinity_pipeline_5f3f6_00007   TERMINATED            512    0.126953   0.0022343               32       40            42.4405    0.14158     1.73569   1.39106 │
│ train_affinity_pipeline_5f3f6_00008   TERMINATED            512    0.207696   0.00182971              64       20            21.3674    0.0844857   1.79248   1.44517 │
│ train_affinity_pipeline_5f3f6_00009   TERMINATED            256    0.235018   0.000137324             32       10            20.037     0.0686828   1.80789   1.45089 │
│ train_affinity_pipeline_5f3f6_00010   TERMINATED            512    0.318957   0.000204878            128       40            23.1265    0.134045    1.74329   1.39567 │
│ train_affinity_pipeline_5f3f6_00011   TERMINATED            256    0.176978   0.00758045              32       20            27.7055    0.0679811   1.80857   1.45752 │
│ train_affinity_pipeline_5f3f6_00012   TERMINATED           1024    0.161281   0.000178183             64       40            29.228     0.160701    1.71625   1.36662 │
│ train_affinity_pipeline_5f3f6_00013   TERMINATED            512    0.156712   0.000339433             32       10            20.4995    0.0567109   1.81947   1.4585  │
│ train_affinity_pipeline_5f3f6_00014   TERMINATED            512    0.236304   0.00110555              32       20            27.2832    0.0195877   1.85493   1.50025 │
│ train_affinity_pipeline_5f3f6_00015   TERMINATED            256    0.342587   0.000102016            128       10            16.4044   -0.36505     2.18875   1.79585 │
╰───────────────────────────────────────────────────────────────────────────────────────────────────────────────────────────────────────────────────────────────────────╯

Trial train_affinity_pipeline_5f3f6_00016 completed after 40 iterations at 2026-09-27 00:00:09. Total running time: 11min 9s
╭──────────────────────────────────────────────────────────────╮
│ Trial train_affinity_pipeline_5f3f6_00016 result             │
├──────────────────────────────────────────────────────────────┤
│ checkpoint_dir_name                                          │
│ time_this_iter_s                                     0.25536 │
│ time_total_s                                         23.6523 │
│ training_iteration                                        40 │
│ mae                                                  1.39009 │
│ r2_score                                             0.12852 │
│ rmse                                                 1.74885 │
╰──────────────────────────────────────────────────────────────╯

Trial train_affinity_pipeline_5f3f6_00017 started with configuration:
╭──────────────────────────────────────────────────────────────╮
│ Trial train_affinity_pipeline_5f3f6_00017 config             │
├──────────────────────────────────────────────────────────────┤
│ batch_size                                               128 │
│ dropout                                              0.12191 │
│ hidden_dim                                               256 │
│ lr                                                   0.00035 │
╰──────────────────────────────────────────────────────────────╯
[36m(train_affinity_pipeline pid=449180)[0m Worker running on: cuda
[36m(train_affinity_pipeline pid=449180)[0m GPU Name: AMD Instinct MI250X

Trial status: 17 TERMINATED | 1 RUNNING
Current time: 2026-09-27 00:00:30. Total running time: 11min 31s
Logical resource usage: 2.0/16 CPUs, 1.0/1 GPUs (0.0/1.0 accelerator_type:AMD-Instinct-MI250X)
╭───────────────────────────────────────────────────────────────────────────────────────────────────────────────────────────────────────────────────────────────────────╮
│ Trial name                            status         hidden_dim     dropout            lr     batch_size     iter     total time (s)     r2_score      rmse       mae │
├───────────────────────────────────────────────────────────────────────────────────────────────────────────────────────────────────────────────────────────────────────┤
│ train_affinity_pipeline_5f3f6_00017   RUNNING               256    0.121908   0.000354882            128                                                              │
│ train_affinity_pipeline_5f3f6_00000   TERMINATED            512    0.269231   0.00110686              32       40            47.2605    0.144053    1.73319   1.38629 │
│ train_affinity_pipeline_5f3f6_00001   TERMINATED            512    0.376081   0.00410908              64       10            17.2821    0.050474    1.82547   1.47065 │
│ train_affinity_pipeline_5f3f6_00002   TERMINATED            256    0.362255   0.000514884            128       40            22.8561    0.130668    1.74669   1.40002 │
│ train_affinity_pipeline_5f3f6_00003   TERMINATED           1024    0.348635   0.00032523              64       40            29.9926    0.141244    1.73603   1.38781 │
│ train_affinity_pipeline_5f3f6_00004   TERMINATED           1024    0.165757   0.00687226              64       10            16.8931    0.0287758   1.84621   1.48743 │
│ train_affinity_pipeline_5f3f6_00005   TERMINATED           1024    0.137045   0.00122231             128       20            18.4243    0.0618014   1.81455   1.43374 │
│ train_affinity_pipeline_5f3f6_00006   TERMINATED            512    0.335521   0.00123366              64       10            16.9518    0.0739049   1.80281   1.43659 │
│ train_affinity_pipeline_5f3f6_00007   TERMINATED            512    0.126953   0.0022343               32       40            42.4405    0.14158     1.73569   1.39106 │
│ train_affinity_pipeline_5f3f6_00008   TERMINATED            512    0.207696   0.00182971              64       20            21.3674    0.0844857   1.79248   1.44517 │
│ train_affinity_pipeline_5f3f6_00009   TERMINATED            256    0.235018   0.000137324             32       10            20.037     0.0686828   1.80789   1.45089 │
│ train_affinity_pipeline_5f3f6_00010   TERMINATED            512    0.318957   0.000204878            128       40            23.1265    0.134045    1.74329   1.39567 │
│ train_affinity_pipeline_5f3f6_00011   TERMINATED            256    0.176978   0.00758045              32       20            27.7055    0.0679811   1.80857   1.45752 │
│ train_affinity_pipeline_5f3f6_00012   TERMINATED           1024    0.161281   0.000178183             64       40            29.228     0.160701    1.71625   1.36662 │
│ train_affinity_pipeline_5f3f6_00013   TERMINATED            512    0.156712   0.000339433             32       10            20.4995    0.0567109   1.81947   1.4585  │
│ train_affinity_pipeline_5f3f6_00014   TERMINATED            512    0.236304   0.00110555              32       20            27.2832    0.0195877   1.85493   1.50025 │
│ train_affinity_pipeline_5f3f6_00015   TERMINATED            256    0.342587   0.000102016            128       10            16.4044   -0.36505     2.18875   1.79585 │
│ train_affinity_pipeline_5f3f6_00016   TERMINATED           1024    0.184512   0.00191606             128       40            23.6523    0.128518    1.74885   1.39009 │
╰───────────────────────────────────────────────────────────────────────────────────────────────────────────────────────────────────────────────────────────────────────╯

Trial train_affinity_pipeline_5f3f6_00017 completed after 40 iterations at 2026-09-27 00:00:52. Total running time: 11min 53s
╭──────────────────────────────────────────────────────────────╮
│ Trial train_affinity_pipeline_5f3f6_00017 result             │
├──────────────────────────────────────────────────────────────┤
│ checkpoint_dir_name                                          │
│ time_this_iter_s                                      0.2516 │
│ time_total_s                                         25.1118 │
│ training_iteration                                        40 │
│ mae                                                  1.40682 │
│ r2_score                                             0.13025 │
│ rmse                                                 1.74711 │
╰──────────────────────────────────────────────────────────────╯

Trial status: 18 TERMINATED | 1 PENDING
Current time: 2026-09-27 00:01:00. Total running time: 12min 1s
Logical resource usage: 2.0/16 CPUs, 1.0/1 GPUs (0.0/1.0 accelerator_type:AMD-Instinct-MI250X)
╭───────────────────────────────────────────────────────────────────────────────────────────────────────────────────────────────────────────────────────────────────────╮
│ Trial name                            status         hidden_dim     dropout            lr     batch_size     iter     total time (s)     r2_score      rmse       mae │
├───────────────────────────────────────────────────────────────────────────────────────────────────────────────────────────────────────────────────────────────────────┤
│ train_affinity_pipeline_5f3f6_00000   TERMINATED            512    0.269231   0.00110686              32       40            47.2605    0.144053    1.73319   1.38629 │
│ train_affinity_pipeline_5f3f6_00001   TERMINATED            512    0.376081   0.00410908              64       10            17.2821    0.050474    1.82547   1.47065 │
│ train_affinity_pipeline_5f3f6_00002   TERMINATED            256    0.362255   0.000514884            128       40            22.8561    0.130668    1.74669   1.40002 │
│ train_affinity_pipeline_5f3f6_00003   TERMINATED           1024    0.348635   0.00032523              64       40            29.9926    0.141244    1.73603   1.38781 │
│ train_affinity_pipeline_5f3f6_00004   TERMINATED           1024    0.165757   0.00687226              64       10            16.8931    0.0287758   1.84621   1.48743 │
│ train_affinity_pipeline_5f3f6_00005   TERMINATED           1024    0.137045   0.00122231             128       20            18.4243    0.0618014   1.81455   1.43374 │
│ train_affinity_pipeline_5f3f6_00006   TERMINATED            512    0.335521   0.00123366              64       10            16.9518    0.0739049   1.80281   1.43659 │
│ train_affinity_pipeline_5f3f6_00007   TERMINATED            512    0.126953   0.0022343               32       40            42.4405    0.14158     1.73569   1.39106 │
│ train_affinity_pipeline_5f3f6_00008   TERMINATED            512    0.207696   0.00182971              64       20            21.3674    0.0844857   1.79248   1.44517 │
│ train_affinity_pipeline_5f3f6_00009   TERMINATED            256    0.235018   0.000137324             32       10            20.037     0.0686828   1.80789   1.45089 │
│ train_affinity_pipeline_5f3f6_00010   TERMINATED            512    0.318957   0.000204878            128       40            23.1265    0.134045    1.74329   1.39567 │
│ train_affinity_pipeline_5f3f6_00011   TERMINATED            256    0.176978   0.00758045              32       20            27.7055    0.0679811   1.80857   1.45752 │
│ train_affinity_pipeline_5f3f6_00012   TERMINATED           1024    0.161281   0.000178183             64       40            29.228     0.160701    1.71625   1.36662 │
│ train_affinity_pipeline_5f3f6_00013   TERMINATED            512    0.156712   0.000339433             32       10            20.4995    0.0567109   1.81947   1.4585  │
│ train_affinity_pipeline_5f3f6_00014   TERMINATED            512    0.236304   0.00110555              32       20            27.2832    0.0195877   1.85493   1.50025 │
│ train_affinity_pipeline_5f3f6_00015   TERMINATED            256    0.342587   0.000102016            128       10            16.4044   -0.36505     2.18875   1.79585 │
│ train_affinity_pipeline_5f3f6_00016   TERMINATED           1024    0.184512   0.00191606             128       40            23.6523    0.128518    1.74885   1.39009 │
│ train_affinity_pipeline_5f3f6_00017   TERMINATED            256    0.121908   0.000354882            128       40            25.1118    0.13025     1.74711   1.40682 │
│ train_affinity_pipeline_5f3f6_00018   PENDING              1024    0.312047   0.00133198              64                                                              │
╰───────────────────────────────────────────────────────────────────────────────────────────────────────────────────────────────────────────────────────────────────────╯

Trial train_affinity_pipeline_5f3f6_00018 started with configuration:
╭──────────────────────────────────────────────────────────────╮
│ Trial train_affinity_pipeline_5f3f6_00018 config             │
├──────────────────────────────────────────────────────────────┤
│ batch_size                                                64 │
│ dropout                                              0.31205 │
│ hidden_dim                                              1024 │
│ lr                                                   0.00133 │
╰──────────────────────────────────────────────────────────────╯
[36m(train_affinity_pipeline pid=449262)[0m Worker running on: cuda
[36m(train_affinity_pipeline pid=449262)[0m GPU Name: AMD Instinct MI250X

Trial status: 18 TERMINATED | 1 RUNNING
Current time: 2026-09-27 00:01:30. Total running time: 12min 31s
Logical resource usage: 2.0/16 CPUs, 1.0/1 GPUs (0.0/1.0 accelerator_type:AMD-Instinct-MI250X)
╭───────────────────────────────────────────────────────────────────────────────────────────────────────────────────────────────────────────────────────────────────────╮
│ Trial name                            status         hidden_dim     dropout            lr     batch_size     iter     total time (s)     r2_score      rmse       mae │
├───────────────────────────────────────────────────────────────────────────────────────────────────────────────────────────────────────────────────────────────────────┤
│ train_affinity_pipeline_5f3f6_00018   RUNNING              1024    0.312047   0.00133198              64        1            18.4162    0.0150505   1.85921   1.48894 │
│ train_affinity_pipeline_5f3f6_00000   TERMINATED            512    0.269231   0.00110686              32       40            47.2605    0.144053    1.73319   1.38629 │
│ train_affinity_pipeline_5f3f6_00001   TERMINATED            512    0.376081   0.00410908              64       10            17.2821    0.050474    1.82547   1.47065 │
│ train_affinity_pipeline_5f3f6_00002   TERMINATED            256    0.362255   0.000514884            128       40            22.8561    0.130668    1.74669   1.40002 │
│ train_affinity_pipeline_5f3f6_00003   TERMINATED           1024    0.348635   0.00032523              64       40            29.9926    0.141244    1.73603   1.38781 │
│ train_affinity_pipeline_5f3f6_00004   TERMINATED           1024    0.165757   0.00687226              64       10            16.8931    0.0287758   1.84621   1.48743 │
│ train_affinity_pipeline_5f3f6_00005   TERMINATED           1024    0.137045   0.00122231             128       20            18.4243    0.0618014   1.81455   1.43374 │
│ train_affinity_pipeline_5f3f6_00006   TERMINATED            512    0.335521   0.00123366              64       10            16.9518    0.0739049   1.80281   1.43659 │
│ train_affinity_pipeline_5f3f6_00007   TERMINATED            512    0.126953   0.0022343               32       40            42.4405    0.14158     1.73569   1.39106 │
│ train_affinity_pipeline_5f3f6_00008   TERMINATED            512    0.207696   0.00182971              64       20            21.3674    0.0844857   1.79248   1.44517 │
│ train_affinity_pipeline_5f3f6_00009   TERMINATED            256    0.235018   0.000137324             32       10            20.037     0.0686828   1.80789   1.45089 │
│ train_affinity_pipeline_5f3f6_00010   TERMINATED            512    0.318957   0.000204878            128       40            23.1265    0.134045    1.74329   1.39567 │
│ train_affinity_pipeline_5f3f6_00011   TERMINATED            256    0.176978   0.00758045              32       20            27.7055    0.0679811   1.80857   1.45752 │
│ train_affinity_pipeline_5f3f6_00012   TERMINATED           1024    0.161281   0.000178183             64       40            29.228     0.160701    1.71625   1.36662 │
│ train_affinity_pipeline_5f3f6_00013   TERMINATED            512    0.156712   0.000339433             32       10            20.4995    0.0567109   1.81947   1.4585  │
│ train_affinity_pipeline_5f3f6_00014   TERMINATED            512    0.236304   0.00110555              32       20            27.2832    0.0195877   1.85493   1.50025 │
│ train_affinity_pipeline_5f3f6_00015   TERMINATED            256    0.342587   0.000102016            128       10            16.4044   -0.36505     2.18875   1.79585 │
│ train_affinity_pipeline_5f3f6_00016   TERMINATED           1024    0.184512   0.00191606             128       40            23.6523    0.128518    1.74885   1.39009 │
│ train_affinity_pipeline_5f3f6_00017   TERMINATED            256    0.121908   0.000354882            128       40            25.1118    0.13025     1.74711   1.40682 │
╰───────────────────────────────────────────────────────────────────────────────────────────────────────────────────────────────────────────────────────────────────────╯

Trial train_affinity_pipeline_5f3f6_00018 completed after 10 iterations at 2026-09-27 00:01:34. Total running time: 12min 34s
╭──────────────────────────────────────────────────────────────╮
│ Trial train_affinity_pipeline_5f3f6_00018 result             │
├──────────────────────────────────────────────────────────────┤
│ checkpoint_dir_name                                          │
│ time_this_iter_s                                      0.4437 │
│ time_total_s                                         22.2991 │
│ training_iteration                                        10 │
│ mae                                                  1.43684 │
│ r2_score                                             0.08028 │
│ rmse                                                  1.7966 │
╰──────────────────────────────────────────────────────────────╯

Trial train_affinity_pipeline_5f3f6_00019 started with configuration:
╭──────────────────────────────────────────────────────────────╮
│ Trial train_affinity_pipeline_5f3f6_00019 config             │
├──────────────────────────────────────────────────────────────┤
│ batch_size                                               128 │
│ dropout                                               0.1166 │
│ hidden_dim                                               512 │
│ lr                                                   0.00083 │
╰──────────────────────────────────────────────────────────────╯
[36m(train_affinity_pipeline pid=449342)[0m Worker running on: cuda
[36m(train_affinity_pipeline pid=449342)[0m GPU Name: AMD Instinct MI250X

Trial status: 19 TERMINATED | 1 RUNNING
Current time: 2026-09-27 00:02:00. Total running time: 13min 1s
Logical resource usage: 2.0/16 CPUs, 1.0/1 GPUs (0.0/1.0 accelerator_type:AMD-Instinct-MI250X)
╭───────────────────────────────────────────────────────────────────────────────────────────────────────────────────────────────────────────────────────────────────────╮
│ Trial name                            status         hidden_dim     dropout            lr     batch_size     iter     total time (s)     r2_score      rmse       mae │
├───────────────────────────────────────────────────────────────────────────────────────────────────────────────────────────────────────────────────────────────────────┤
│ train_affinity_pipeline_5f3f6_00019   RUNNING               512    0.116604   0.000829219            128                                                              │
│ train_affinity_pipeline_5f3f6_00000   TERMINATED            512    0.269231   0.00110686              32       40            47.2605    0.144053    1.73319   1.38629 │
│ train_affinity_pipeline_5f3f6_00001   TERMINATED            512    0.376081   0.00410908              64       10            17.2821    0.050474    1.82547   1.47065 │
│ train_affinity_pipeline_5f3f6_00002   TERMINATED            256    0.362255   0.000514884            128       40            22.8561    0.130668    1.74669   1.40002 │
│ train_affinity_pipeline_5f3f6_00003   TERMINATED           1024    0.348635   0.00032523              64       40            29.9926    0.141244    1.73603   1.38781 │
│ train_affinity_pipeline_5f3f6_00004   TERMINATED           1024    0.165757   0.00687226              64       10            16.8931    0.0287758   1.84621   1.48743 │
│ train_affinity_pipeline_5f3f6_00005   TERMINATED           1024    0.137045   0.00122231             128       20            18.4243    0.0618014   1.81455   1.43374 │
│ train_affinity_pipeline_5f3f6_00006   TERMINATED            512    0.335521   0.00123366              64       10            16.9518    0.0739049   1.80281   1.43659 │
│ train_affinity_pipeline_5f3f6_00007   TERMINATED            512    0.126953   0.0022343               32       40            42.4405    0.14158     1.73569   1.39106 │
│ train_affinity_pipeline_5f3f6_00008   TERMINATED            512    0.207696   0.00182971              64       20            21.3674    0.0844857   1.79248   1.44517 │
│ train_affinity_pipeline_5f3f6_00009   TERMINATED            256    0.235018   0.000137324             32       10            20.037     0.0686828   1.80789   1.45089 │
│ train_affinity_pipeline_5f3f6_00010   TERMINATED            512    0.318957   0.000204878            128       40            23.1265    0.134045    1.74329   1.39567 │
│ train_affinity_pipeline_5f3f6_00011   TERMINATED            256    0.176978   0.00758045              32       20            27.7055    0.0679811   1.80857   1.45752 │
│ train_affinity_pipeline_5f3f6_00012   TERMINATED           1024    0.161281   0.000178183             64       40            29.228     0.160701    1.71625   1.36662 │
│ train_affinity_pipeline_5f3f6_00013   TERMINATED            512    0.156712   0.000339433             32       10            20.4995    0.0567109   1.81947   1.4585  │
│ train_affinity_pipeline_5f3f6_00014   TERMINATED            512    0.236304   0.00110555              32       20            27.2832    0.0195877   1.85493   1.50025 │
│ train_affinity_pipeline_5f3f6_00015   TERMINATED            256    0.342587   0.000102016            128       10            16.4044   -0.36505     2.18875   1.79585 │
│ train_affinity_pipeline_5f3f6_00016   TERMINATED           1024    0.184512   0.00191606             128       40            23.6523    0.128518    1.74885   1.39009 │
│ train_affinity_pipeline_5f3f6_00017   TERMINATED            256    0.121908   0.000354882            128       40            25.1118    0.13025     1.74711   1.40682 │
│ train_affinity_pipeline_5f3f6_00018   TERMINATED           1024    0.312047   0.00133198              64       10            22.2991    0.0802761   1.7966    1.43684 │
╰───────────────────────────────────────────────────────────────────────────────────────────────────────────────────────────────────────────────────────────────────────╯

Trial train_affinity_pipeline_5f3f6_00019 completed after 10 iterations at 2026-09-27 00:02:17. Total running time: 13min 17s
╭──────────────────────────────────────────────────────────────╮
│ Trial train_affinity_pipeline_5f3f6_00019 result             │
├──────────────────────────────────────────────────────────────┤
│ checkpoint_dir_name                                          │
│ time_this_iter_s                                     0.25368 │
│ time_total_s                                         17.9434 │
│ training_iteration                                        10 │
│ mae                                                  1.45006 │
│ r2_score                                             0.07173 │
│ rmse                                                 1.80493 │
╰──────────────────────────────────────────────────────────────╯

Trial status: 20 TERMINATED | 1 PENDING
Current time: 2026-09-27 00:02:30. Total running time: 13min 31s
Logical resource usage: 2.0/16 CPUs, 1.0/1 GPUs (0.0/1.0 accelerator_type:AMD-Instinct-MI250X)
╭───────────────────────────────────────────────────────────────────────────────────────────────────────────────────────────────────────────────────────────────────────╮
│ Trial name                            status         hidden_dim     dropout            lr     batch_size     iter     total time (s)     r2_score      rmse       mae │
├───────────────────────────────────────────────────────────────────────────────────────────────────────────────────────────────────────────────────────────────────────┤
│ train_affinity_pipeline_5f3f6_00000   TERMINATED            512    0.269231   0.00110686              32       40            47.2605    0.144053    1.73319   1.38629 │
│ train_affinity_pipeline_5f3f6_00001   TERMINATED            512    0.376081   0.00410908              64       10            17.2821    0.050474    1.82547   1.47065 │
│ train_affinity_pipeline_5f3f6_00002   TERMINATED            256    0.362255   0.000514884            128       40            22.8561    0.130668    1.74669   1.40002 │
│ train_affinity_pipeline_5f3f6_00003   TERMINATED           1024    0.348635   0.00032523              64       40            29.9926    0.141244    1.73603   1.38781 │
│ train_affinity_pipeline_5f3f6_00004   TERMINATED           1024    0.165757   0.00687226              64       10            16.8931    0.0287758   1.84621   1.48743 │
│ train_affinity_pipeline_5f3f6_00020   PENDING               256    0.242536   0.000100144             64                                                              │
╰───────────────────────────────────────────────────────────────────────────────────────────────────────────────────────────────────────────────────────────────────────╯
15 more TERMINATED

Trial train_affinity_pipeline_5f3f6_00020 started with configuration:
╭──────────────────────────────────────────────────────────────╮
│ Trial train_affinity_pipeline_5f3f6_00020 config             │
├──────────────────────────────────────────────────────────────┤
│ batch_size                                                64 │
│ dropout                                              0.24254 │
│ hidden_dim                                               256 │
│ lr                                                    0.0001 │
╰──────────────────────────────────────────────────────────────╯
[36m(train_affinity_pipeline pid=449433)[0m Worker running on: cuda
[36m(train_affinity_pipeline pid=449433)[0m GPU Name: AMD Instinct MI250X

Trial status: 20 TERMINATED | 1 RUNNING
Current time: 2026-09-27 00:03:00. Total running time: 14min 1s
Logical resource usage: 2.0/16 CPUs, 1.0/1 GPUs (0.0/1.0 accelerator_type:AMD-Instinct-MI250X)
╭───────────────────────────────────────────────────────────────────────────────────────────────────────────────────────────────────────────────────────────────────────╮
│ Trial name                            status         hidden_dim     dropout            lr     batch_size     iter     total time (s)     r2_score      rmse       mae │
├───────────────────────────────────────────────────────────────────────────────────────────────────────────────────────────────────────────────────────────────────────┤
│ train_affinity_pipeline_5f3f6_00020   RUNNING               256    0.242536   0.000100144             64       36            28.0433    0.141097    1.73618   1.38696 │
│ train_affinity_pipeline_5f3f6_00000   TERMINATED            512    0.269231   0.00110686              32       40            47.2605    0.144053    1.73319   1.38629 │
│ train_affinity_pipeline_5f3f6_00001   TERMINATED            512    0.376081   0.00410908              64       10            17.2821    0.050474    1.82547   1.47065 │
│ train_affinity_pipeline_5f3f6_00002   TERMINATED            256    0.362255   0.000514884            128       40            22.8561    0.130668    1.74669   1.40002 │
│ train_affinity_pipeline_5f3f6_00003   TERMINATED           1024    0.348635   0.00032523              64       40            29.9926    0.141244    1.73603   1.38781 │
│ train_affinity_pipeline_5f3f6_00004   TERMINATED           1024    0.165757   0.00687226              64       10            16.8931    0.0287758   1.84621   1.48743 │
╰───────────────────────────────────────────────────────────────────────────────────────────────────────────────────────────────────────────────────────────────────────╯
15 more TERMINATED

Trial train_affinity_pipeline_5f3f6_00020 completed after 40 iterations at 2026-09-27 00:03:02. Total running time: 14min 2s
╭──────────────────────────────────────────────────────────────╮
│ Trial train_affinity_pipeline_5f3f6_00020 result             │
├──────────────────────────────────────────────────────────────┤
│ checkpoint_dir_name                                          │
│ time_this_iter_s                                     0.41644 │
│ time_total_s                                          29.703 │
│ training_iteration                                        40 │
│ mae                                                  1.38323 │
│ r2_score                                              0.1475 │
│ rmse                                                 1.72969 │
╰──────────────────────────────────────────────────────────────╯

Trial train_affinity_pipeline_5f3f6_00021 started with configuration:
╭─────────────────────────────────────────────────────────────╮
│ Trial train_affinity_pipeline_5f3f6_00021 config            │
├─────────────────────────────────────────────────────────────┤
│ batch_size                                               32 │
│ dropout                                              0.3456 │
│ hidden_dim                                              256 │
│ lr                                                   0.0002 │
╰─────────────────────────────────────────────────────────────╯
[36m(train_affinity_pipeline pid=449512)[0m Worker running on: cuda
[36m(train_affinity_pipeline pid=449512)[0m GPU Name: AMD Instinct MI250X

Trial status: 21 TERMINATED | 1 RUNNING
Current time: 2026-09-27 00:03:30. Total running time: 14min 31s
Logical resource usage: 2.0/16 CPUs, 1.0/1 GPUs (0.0/1.0 accelerator_type:AMD-Instinct-MI250X)
╭───────────────────────────────────────────────────────────────────────────────────────────────────────────────────────────────────────────────────────────────────────╮
│ Trial name                            status         hidden_dim     dropout            lr     batch_size     iter     total time (s)     r2_score      rmse       mae │
├───────────────────────────────────────────────────────────────────────────────────────────────────────────────────────────────────────────────────────────────────────┤
│ train_affinity_pipeline_5f3f6_00021   RUNNING               256    0.345602   0.000201708             32        1            14.2417   -1.80425     3.13712   2.68378 │
│ train_affinity_pipeline_5f3f6_00000   TERMINATED            512    0.269231   0.00110686              32       40            47.2605    0.144053    1.73319   1.38629 │
│ train_affinity_pipeline_5f3f6_00001   TERMINATED            512    0.376081   0.00410908              64       10            17.2821    0.050474    1.82547   1.47065 │
│ train_affinity_pipeline_5f3f6_00002   TERMINATED            256    0.362255   0.000514884            128       40            22.8561    0.130668    1.74669   1.40002 │
│ train_affinity_pipeline_5f3f6_00003   TERMINATED           1024    0.348635   0.00032523              64       40            29.9926    0.141244    1.73603   1.38781 │
│ train_affinity_pipeline_5f3f6_00004   TERMINATED           1024    0.165757   0.00687226              64       10            16.8931    0.0287758   1.84621   1.48743 │
╰───────────────────────────────────────────────────────────────────────────────────────────────────────────────────────────────────────────────────────────────────────╯
16 more TERMINATED

Trial train_affinity_pipeline_5f3f6_00021 completed after 10 iterations at 2026-09-27 00:03:37. Total running time: 14min 37s
╭──────────────────────────────────────────────────────────────╮
│ Trial train_affinity_pipeline_5f3f6_00021 result             │
├──────────────────────────────────────────────────────────────┤
│ checkpoint_dir_name                                          │
│ time_this_iter_s                                     0.73079 │
│ time_total_s                                         20.9547 │
│ training_iteration                                        10 │
│ mae                                                  1.46778 │
│ r2_score                                             0.05036 │
│ rmse                                                 1.82559 │
╰──────────────────────────────────────────────────────────────╯

Trial train_affinity_pipeline_5f3f6_00022 started with configuration:
╭──────────────────────────────────────────────────────────────╮
│ Trial train_affinity_pipeline_5f3f6_00022 config             │
├──────────────────────────────────────────────────────────────┤
│ batch_size                                                32 │
│ dropout                                              0.26151 │
│ hidden_dim                                              1024 │
│ lr                                                   0.00833 │
╰──────────────────────────────────────────────────────────────╯
[36m(train_affinity_pipeline pid=449592)[0m Worker running on: cuda
[36m(train_affinity_pipeline pid=449592)[0m GPU Name: AMD Instinct MI250X

Trial status: 22 TERMINATED | 1 RUNNING
Current time: 2026-09-27 00:04:00. Total running time: 15min 1s
Logical resource usage: 2.0/16 CPUs, 1.0/1 GPUs (0.0/1.0 accelerator_type:AMD-Instinct-MI250X)
╭───────────────────────────────────────────────────────────────────────────────────────────────────────────────────────────────────────────────────────────────────────╮
│ Trial name                            status         hidden_dim     dropout            lr     batch_size     iter     total time (s)     r2_score      rmse       mae │
├───────────────────────────────────────────────────────────────────────────────────────────────────────────────────────────────────────────────────────────────────────┤
│ train_affinity_pipeline_5f3f6_00022   RUNNING              1024    0.261506   0.00833333              32                                                              │
│ train_affinity_pipeline_5f3f6_00000   TERMINATED            512    0.269231   0.00110686              32       40            47.2605    0.144053    1.73319   1.38629 │
│ train_affinity_pipeline_5f3f6_00001   TERMINATED            512    0.376081   0.00410908              64       10            17.2821    0.050474    1.82547   1.47065 │
│ train_affinity_pipeline_5f3f6_00002   TERMINATED            256    0.362255   0.000514884            128       40            22.8561    0.130668    1.74669   1.40002 │
│ train_affinity_pipeline_5f3f6_00003   TERMINATED           1024    0.348635   0.00032523              64       40            29.9926    0.141244    1.73603   1.38781 │
│ train_affinity_pipeline_5f3f6_00004   TERMINATED           1024    0.165757   0.00687226              64       10            16.8931    0.0287758   1.84621   1.48743 │
╰───────────────────────────────────────────────────────────────────────────────────────────────────────────────────────────────────────────────────────────────────────╯
17 more TERMINATED

Trial train_affinity_pipeline_5f3f6_00022 completed after 10 iterations at 2026-09-27 00:04:12. Total running time: 15min 12s
╭──────────────────────────────────────────────────────────────╮
│ Trial train_affinity_pipeline_5f3f6_00022 result             │
├──────────────────────────────────────────────────────────────┤
│ checkpoint_dir_name                                          │
│ time_this_iter_s                                      0.7341 │
│ time_total_s                                          20.335 │
│ training_iteration                                        10 │
│ mae                                                  1.45523 │
│ r2_score                                             0.07015 │
│ rmse                                                 1.80646 │
╰──────────────────────────────────────────────────────────────╯

Trial train_affinity_pipeline_5f3f6_00023 started with configuration:
╭──────────────────────────────────────────────────────────────╮
│ Trial train_affinity_pipeline_5f3f6_00023 config             │
├──────────────────────────────────────────────────────────────┤
│ batch_size                                                32 │
│ dropout                                              0.16389 │
│ hidden_dim                                               512 │
│ lr                                                   0.00104 │
╰──────────────────────────────────────────────────────────────╯
[36m(train_affinity_pipeline pid=449670)[0m Worker running on: cuda
[36m(train_affinity_pipeline pid=449670)[0m GPU Name: AMD Instinct MI250X

Trial status: 23 TERMINATED | 1 RUNNING
Current time: 2026-09-27 00:04:31. Total running time: 15min 31s
Logical resource usage: 2.0/16 CPUs, 1.0/1 GPUs (0.0/1.0 accelerator_type:AMD-Instinct-MI250X)
╭───────────────────────────────────────────────────────────────────────────────────────────────────────────────────────────────────────────────────────────────────────╮
│ Trial name                            status         hidden_dim     dropout            lr     batch_size     iter     total time (s)     r2_score      rmse       mae │
├───────────────────────────────────────────────────────────────────────────────────────────────────────────────────────────────────────────────────────────────────────┤
│ train_affinity_pipeline_5f3f6_00023   RUNNING               512    0.163894   0.00104271              32                                                              │
│ train_affinity_pipeline_5f3f6_00000   TERMINATED            512    0.269231   0.00110686              32       40            47.2605    0.144053    1.73319   1.38629 │
│ train_affinity_pipeline_5f3f6_00001   TERMINATED            512    0.376081   0.00410908              64       10            17.2821    0.050474    1.82547   1.47065 │
│ train_affinity_pipeline_5f3f6_00002   TERMINATED            256    0.362255   0.000514884            128       40            22.8561    0.130668    1.74669   1.40002 │
│ train_affinity_pipeline_5f3f6_00003   TERMINATED           1024    0.348635   0.00032523              64       40            29.9926    0.141244    1.73603   1.38781 │
│ train_affinity_pipeline_5f3f6_00004   TERMINATED           1024    0.165757   0.00687226              64       10            16.8931    0.0287758   1.84621   1.48743 │
╰───────────────────────────────────────────────────────────────────────────────────────────────────────────────────────────────────────────────────────────────────────╯
18 more TERMINATED

Trial train_affinity_pipeline_5f3f6_00023 completed after 10 iterations at 2026-09-27 00:04:46. Total running time: 15min 47s
╭──────────────────────────────────────────────────────────────╮
│ Trial train_affinity_pipeline_5f3f6_00023 result             │
├──────────────────────────────────────────────────────────────┤
│ checkpoint_dir_name                                          │
│ time_this_iter_s                                     0.73574 │
│ time_total_s                                         21.0012 │
│ training_iteration                                        10 │
│ mae                                                  1.45372 │
│ r2_score                                             0.06914 │
│ rmse                                                 1.80744 │
╰──────────────────────────────────────────────────────────────╯

Trial status: 24 TERMINATED | 1 PENDING
Current time: 2026-09-27 00:05:01. Total running time: 16min 1s
Logical resource usage: 2.0/16 CPUs, 1.0/1 GPUs (0.0/1.0 accelerator_type:AMD-Instinct-MI250X)
╭───────────────────────────────────────────────────────────────────────────────────────────────────────────────────────────────────────────────────────────────────────╮
│ Trial name                            status         hidden_dim     dropout            lr     batch_size     iter     total time (s)     r2_score      rmse       mae │
├───────────────────────────────────────────────────────────────────────────────────────────────────────────────────────────────────────────────────────────────────────┤
│ train_affinity_pipeline_5f3f6_00000   TERMINATED            512    0.269231   0.00110686              32       40            47.2605    0.144053    1.73319   1.38629 │
│ train_affinity_pipeline_5f3f6_00001   TERMINATED            512    0.376081   0.00410908              64       10            17.2821    0.050474    1.82547   1.47065 │
│ train_affinity_pipeline_5f3f6_00002   TERMINATED            256    0.362255   0.000514884            128       40            22.8561    0.130668    1.74669   1.40002 │
│ train_affinity_pipeline_5f3f6_00003   TERMINATED           1024    0.348635   0.00032523              64       40            29.9926    0.141244    1.73603   1.38781 │
│ train_affinity_pipeline_5f3f6_00004   TERMINATED           1024    0.165757   0.00687226              64       10            16.8931    0.0287758   1.84621   1.48743 │
│ train_affinity_pipeline_5f3f6_00024   PENDING               512    0.318199   0.000860969             64                                                              │
╰───────────────────────────────────────────────────────────────────────────────────────────────────────────────────────────────────────────────────────────────────────╯
19 more TERMINATED

Trial train_affinity_pipeline_5f3f6_00024 started with configuration:
╭──────────────────────────────────────────────────────────────╮
│ Trial train_affinity_pipeline_5f3f6_00024 config             │
├──────────────────────────────────────────────────────────────┤
│ batch_size                                                64 │
│ dropout                                               0.3182 │
│ hidden_dim                                               512 │
│ lr                                                   0.00086 │
╰──────────────────────────────────────────────────────────────╯
[36m(train_affinity_pipeline pid=449750)[0m Worker running on: cuda
[36m(train_affinity_pipeline pid=449750)[0m GPU Name: AMD Instinct MI250X

Trial train_affinity_pipeline_5f3f6_00024 completed after 20 iterations at 2026-09-27 00:05:27. Total running time: 16min 27s
╭──────────────────────────────────────────────────────────────╮
│ Trial train_affinity_pipeline_5f3f6_00024 result             │
├──────────────────────────────────────────────────────────────┤
│ checkpoint_dir_name                                          │
│ time_this_iter_s                                     0.41458 │
│ time_total_s                                         22.4115 │
│ training_iteration                                        20 │
│ mae                                                  1.44773 │
│ r2_score                                             0.07554 │
│ rmse                                                 1.80122 │
╰──────────────────────────────────────────────────────────────╯

Trial status: 25 TERMINATED | 1 PENDING
Current time: 2026-09-27 00:05:31. Total running time: 16min 31s
Logical resource usage: 2.0/16 CPUs, 1.0/1 GPUs (0.0/1.0 accelerator_type:AMD-Instinct-MI250X)
╭───────────────────────────────────────────────────────────────────────────────────────────────────────────────────────────────────────────────────────────────────────╮
│ Trial name                            status         hidden_dim     dropout            lr     batch_size     iter     total time (s)     r2_score      rmse       mae │
├───────────────────────────────────────────────────────────────────────────────────────────────────────────────────────────────────────────────────────────────────────┤
│ train_affinity_pipeline_5f3f6_00000   TERMINATED            512    0.269231   0.00110686              32       40            47.2605    0.144053    1.73319   1.38629 │
│ train_affinity_pipeline_5f3f6_00001   TERMINATED            512    0.376081   0.00410908              64       10            17.2821    0.050474    1.82547   1.47065 │
│ train_affinity_pipeline_5f3f6_00002   TERMINATED            256    0.362255   0.000514884            128       40            22.8561    0.130668    1.74669   1.40002 │
│ train_affinity_pipeline_5f3f6_00003   TERMINATED           1024    0.348635   0.00032523              64       40            29.9926    0.141244    1.73603   1.38781 │
│ train_affinity_pipeline_5f3f6_00004   TERMINATED           1024    0.165757   0.00687226              64       10            16.8931    0.0287758   1.84621   1.48743 │
│ train_affinity_pipeline_5f3f6_00025   PENDING              1024    0.119573   0.000187143             32                                                              │
╰───────────────────────────────────────────────────────────────────────────────────────────────────────────────────────────────────────────────────────────────────────╯
20 more TERMINATED

Trial train_affinity_pipeline_5f3f6_00025 started with configuration:
╭──────────────────────────────────────────────────────────────╮
│ Trial train_affinity_pipeline_5f3f6_00025 config             │
├──────────────────────────────────────────────────────────────┤
│ batch_size                                                32 │
│ dropout                                              0.11957 │
│ hidden_dim                                              1024 │
│ lr                                                   0.00019 │
╰──────────────────────────────────────────────────────────────╯
[36m(train_affinity_pipeline pid=449830)[0m Worker running on: cuda
[36m(train_affinity_pipeline pid=449830)[0m GPU Name: AMD Instinct MI250X

Trial status: 25 TERMINATED | 1 RUNNING
Current time: 2026-09-27 00:06:01. Total running time: 17min 1s
Logical resource usage: 2.0/16 CPUs, 1.0/1 GPUs (0.0/1.0 accelerator_type:AMD-Instinct-MI250X)
╭───────────────────────────────────────────────────────────────────────────────────────────────────────────────────────────────────────────────────────────────────────╮
│ Trial name                            status         hidden_dim     dropout            lr     batch_size     iter     total time (s)     r2_score      rmse       mae │
├───────────────────────────────────────────────────────────────────────────────────────────────────────────────────────────────────────────────────────────────────────┤
│ train_affinity_pipeline_5f3f6_00025   RUNNING              1024    0.119573   0.000187143             32                                                              │
│ train_affinity_pipeline_5f3f6_00000   TERMINATED            512    0.269231   0.00110686              32       40            47.2605    0.144053    1.73319   1.38629 │
│ train_affinity_pipeline_5f3f6_00001   TERMINATED            512    0.376081   0.00410908              64       10            17.2821    0.050474    1.82547   1.47065 │
│ train_affinity_pipeline_5f3f6_00002   TERMINATED            256    0.362255   0.000514884            128       40            22.8561    0.130668    1.74669   1.40002 │
│ train_affinity_pipeline_5f3f6_00003   TERMINATED           1024    0.348635   0.00032523              64       40            29.9926    0.141244    1.73603   1.38781 │
│ train_affinity_pipeline_5f3f6_00004   TERMINATED           1024    0.165757   0.00687226              64       10            16.8931    0.0287758   1.84621   1.48743 │
╰───────────────────────────────────────────────────────────────────────────────────────────────────────────────────────────────────────────────────────────────────────╯
20 more TERMINATED

Trial train_affinity_pipeline_5f3f6_00025 completed after 20 iterations at 2026-09-27 00:06:20. Total running time: 17min 20s
╭──────────────────────────────────────────────────────────────╮
│ Trial train_affinity_pipeline_5f3f6_00025 result             │
├──────────────────────────────────────────────────────────────┤
│ checkpoint_dir_name                                          │
│ time_this_iter_s                                     0.74663 │
│ time_total_s                                          29.702 │
│ training_iteration                                        20 │
│ mae                                                  1.45386 │
│ r2_score                                             0.06992 │
│ rmse                                                 1.80668 │
╰──────────────────────────────────────────────────────────────╯

Trial status: 26 TERMINATED | 1 PENDING
Current time: 2026-09-27 00:06:31. Total running time: 17min 31s
Logical resource usage: 2.0/16 CPUs, 1.0/1 GPUs (0.0/1.0 accelerator_type:AMD-Instinct-MI250X)
╭───────────────────────────────────────────────────────────────────────────────────────────────────────────────────────────────────────────────────────────────────────╮
│ Trial name                            status         hidden_dim     dropout            lr     batch_size     iter     total time (s)     r2_score      rmse       mae │
├───────────────────────────────────────────────────────────────────────────────────────────────────────────────────────────────────────────────────────────────────────┤
│ train_affinity_pipeline_5f3f6_00000   TERMINATED            512    0.269231   0.00110686              32       40            47.2605    0.144053    1.73319   1.38629 │
│ train_affinity_pipeline_5f3f6_00001   TERMINATED            512    0.376081   0.00410908              64       10            17.2821    0.050474    1.82547   1.47065 │
│ train_affinity_pipeline_5f3f6_00002   TERMINATED            256    0.362255   0.000514884            128       40            22.8561    0.130668    1.74669   1.40002 │
│ train_affinity_pipeline_5f3f6_00003   TERMINATED           1024    0.348635   0.00032523              64       40            29.9926    0.141244    1.73603   1.38781 │
│ train_affinity_pipeline_5f3f6_00004   TERMINATED           1024    0.165757   0.00687226              64       10            16.8931    0.0287758   1.84621   1.48743 │
│ train_affinity_pipeline_5f3f6_00026   PENDING               256    0.304542   0.000115718             32                                                              │
╰───────────────────────────────────────────────────────────────────────────────────────────────────────────────────────────────────────────────────────────────────────╯
21 more TERMINATED

Trial train_affinity_pipeline_5f3f6_00026 started with configuration:
╭──────────────────────────────────────────────────────────────╮
│ Trial train_affinity_pipeline_5f3f6_00026 config             │
├──────────────────────────────────────────────────────────────┤
│ batch_size                                                32 │
│ dropout                                              0.30454 │
│ hidden_dim                                               256 │
│ lr                                                   0.00012 │
╰──────────────────────────────────────────────────────────────╯
[36m(train_affinity_pipeline pid=449912)[0m Worker running on: cuda
[36m(train_affinity_pipeline pid=449912)[0m GPU Name: AMD Instinct MI250X

Trial status: 26 TERMINATED | 1 RUNNING
Current time: 2026-09-27 00:07:01. Total running time: 18min 1s
Logical resource usage: 2.0/16 CPUs, 1.0/1 GPUs (0.0/1.0 accelerator_type:AMD-Instinct-MI250X)
╭───────────────────────────────────────────────────────────────────────────────────────────────────────────────────────────────────────────────────────────────────────╮
│ Trial name                            status         hidden_dim     dropout            lr     batch_size     iter     total time (s)     r2_score      rmse       mae │
├───────────────────────────────────────────────────────────────────────────────────────────────────────────────────────────────────────────────────────────────────────┤
│ train_affinity_pipeline_5f3f6_00026   RUNNING               256    0.304542   0.000115718             32        9            20.4644    0.065897    1.81059   1.45934 │
│ train_affinity_pipeline_5f3f6_00000   TERMINATED            512    0.269231   0.00110686              32       40            47.2605    0.144053    1.73319   1.38629 │
│ train_affinity_pipeline_5f3f6_00001   TERMINATED            512    0.376081   0.00410908              64       10            17.2821    0.050474    1.82547   1.47065 │
│ train_affinity_pipeline_5f3f6_00002   TERMINATED            256    0.362255   0.000514884            128       40            22.8561    0.130668    1.74669   1.40002 │
│ train_affinity_pipeline_5f3f6_00003   TERMINATED           1024    0.348635   0.00032523              64       40            29.9926    0.141244    1.73603   1.38781 │
│ train_affinity_pipeline_5f3f6_00004   TERMINATED           1024    0.165757   0.00687226              64       10            16.8931    0.0287758   1.84621   1.48743 │
╰───────────────────────────────────────────────────────────────────────────────────────────────────────────────────────────────────────────────────────────────────────╯
21 more TERMINATED

Trial train_affinity_pipeline_5f3f6_00026 completed after 10 iterations at 2026-09-27 00:07:01. Total running time: 18min 2s
╭──────────────────────────────────────────────────────────────╮
│ Trial train_affinity_pipeline_5f3f6_00026 result             │
├──────────────────────────────────────────────────────────────┤
│ checkpoint_dir_name                                          │
│ time_this_iter_s                                     0.74379 │
│ time_total_s                                         21.2082 │
│ training_iteration                                        10 │
│ mae                                                  1.47903 │
│ r2_score                                             0.03966 │
│ rmse                                                 1.83583 │
╰──────────────────────────────────────────────────────────────╯

Trial train_affinity_pipeline_5f3f6_00027 started with configuration:
╭──────────────────────────────────────────────────────────────╮
│ Trial train_affinity_pipeline_5f3f6_00027 config             │
├──────────────────────────────────────────────────────────────┤
│ batch_size                                               128 │
│ dropout                                              0.11633 │
│ hidden_dim                                               256 │
│ lr                                                   0.00013 │
╰──────────────────────────────────────────────────────────────╯
[36m(train_affinity_pipeline pid=449992)[0m Worker running on: cuda
[36m(train_affinity_pipeline pid=449992)[0m GPU Name: AMD Instinct MI250X

Trial status: 27 TERMINATED | 1 RUNNING
Current time: 2026-09-27 00:07:31. Total running time: 18min 31s
Logical resource usage: 2.0/16 CPUs, 1.0/1 GPUs (0.0/1.0 accelerator_type:AMD-Instinct-MI250X)
╭───────────────────────────────────────────────────────────────────────────────────────────────────────────────────────────────────────────────────────────────────────╮
│ Trial name                            status         hidden_dim     dropout            lr     batch_size     iter     total time (s)     r2_score      rmse       mae │
├───────────────────────────────────────────────────────────────────────────────────────────────────────────────────────────────────────────────────────────────────────┤
│ train_affinity_pipeline_5f3f6_00027   RUNNING               256    0.116331   0.000132534            128        5            14.7967   -1.57998     3.00905   2.5536  │
│ train_affinity_pipeline_5f3f6_00000   TERMINATED            512    0.269231   0.00110686              32       40            47.2605    0.144053    1.73319   1.38629 │
│ train_affinity_pipeline_5f3f6_00001   TERMINATED            512    0.376081   0.00410908              64       10            17.2821    0.050474    1.82547   1.47065 │
│ train_affinity_pipeline_5f3f6_00002   TERMINATED            256    0.362255   0.000514884            128       40            22.8561    0.130668    1.74669   1.40002 │
│ train_affinity_pipeline_5f3f6_00003   TERMINATED           1024    0.348635   0.00032523              64       40            29.9926    0.141244    1.73603   1.38781 │
│ train_affinity_pipeline_5f3f6_00004   TERMINATED           1024    0.165757   0.00687226              64       10            16.8931    0.0287758   1.84621   1.48743 │
╰───────────────────────────────────────────────────────────────────────────────────────────────────────────────────────────────────────────────────────────────────────╯
22 more TERMINATED

Trial train_affinity_pipeline_5f3f6_00027 completed after 10 iterations at 2026-09-27 00:07:32. Total running time: 18min 33s
╭──────────────────────────────────────────────────────────────╮
│ Trial train_affinity_pipeline_5f3f6_00027 result             │
├──────────────────────────────────────────────────────────────┤
│ checkpoint_dir_name                                          │
│ time_this_iter_s                                     0.27209 │
│ time_total_s                                         16.1522 │
│ training_iteration                                        10 │
│ mae                                                  1.48061 │
│ r2_score                                             0.04231 │
│ rmse                                                  1.8333 │
╰──────────────────────────────────────────────────────────────╯

Trial train_affinity_pipeline_5f3f6_00028 started with configuration:
╭──────────────────────────────────────────────────────────────╮
│ Trial train_affinity_pipeline_5f3f6_00028 config             │
├──────────────────────────────────────────────────────────────┤
│ batch_size                                               128 │
│ dropout                                              0.35828 │
│ hidden_dim                                               512 │
│ lr                                                    0.0009 │
╰──────────────────────────────────────────────────────────────╯
[36m(train_affinity_pipeline pid=450070)[0m Worker running on: cuda
[36m(train_affinity_pipeline pid=450070)[0m GPU Name: AMD Instinct MI250X

Trial status: 28 TERMINATED | 1 RUNNING
Current time: 2026-09-27 00:08:01. Total running time: 19min 1s
Logical resource usage: 2.0/16 CPUs, 1.0/1 GPUs (0.0/1.0 accelerator_type:AMD-Instinct-MI250X)
╭───────────────────────────────────────────────────────────────────────────────────────────────────────────────────────────────────────────────────────────────────────╮
│ Trial name                            status         hidden_dim     dropout            lr     batch_size     iter     total time (s)     r2_score      rmse       mae │
├───────────────────────────────────────────────────────────────────────────────────────────────────────────────────────────────────────────────────────────────────────┤
│ train_affinity_pipeline_5f3f6_00028   RUNNING               512    0.358277   0.000903612            128                                                              │
│ train_affinity_pipeline_5f3f6_00000   TERMINATED            512    0.269231   0.00110686              32       40            47.2605    0.144053    1.73319   1.38629 │
│ train_affinity_pipeline_5f3f6_00001   TERMINATED            512    0.376081   0.00410908              64       10            17.2821    0.050474    1.82547   1.47065 │
│ train_affinity_pipeline_5f3f6_00002   TERMINATED            256    0.362255   0.000514884            128       40            22.8561    0.130668    1.74669   1.40002 │
│ train_affinity_pipeline_5f3f6_00003   TERMINATED           1024    0.348635   0.00032523              64       40            29.9926    0.141244    1.73603   1.38781 │
│ train_affinity_pipeline_5f3f6_00004   TERMINATED           1024    0.165757   0.00687226              64       10            16.8931    0.0287758   1.84621   1.48743 │
╰───────────────────────────────────────────────────────────────────────────────────────────────────────────────────────────────────────────────────────────────────────╯
23 more TERMINATED

Trial train_affinity_pipeline_5f3f6_00028 completed after 40 iterations at 2026-09-27 00:08:13. Total running time: 19min 14s
╭──────────────────────────────────────────────────────────────╮
│ Trial train_affinity_pipeline_5f3f6_00028 result             │
├──────────────────────────────────────────────────────────────┤
│ checkpoint_dir_name                                          │
│ time_this_iter_s                                     0.27013 │
│ time_total_s                                          24.221 │
│ training_iteration                                        40 │
│ mae                                                  1.41329 │
│ r2_score                                             0.11199 │
│ rmse                                                 1.76535 │
╰──────────────────────────────────────────────────────────────╯

Trial train_affinity_pipeline_5f3f6_00029 started with configuration:
╭──────────────────────────────────────────────────────────────╮
│ Trial train_affinity_pipeline_5f3f6_00029 config             │
├──────────────────────────────────────────────────────────────┤
│ batch_size                                                64 │
│ dropout                                              0.26144 │
│ hidden_dim                                              1024 │
│ lr                                                   0.00379 │
╰──────────────────────────────────────────────────────────────╯
[36m(train_affinity_pipeline pid=450149)[0m Worker running on: cuda
[36m(train_affinity_pipeline pid=450149)[0m GPU Name: AMD Instinct MI250X

Trial status: 29 TERMINATED | 1 RUNNING
Current time: 2026-09-27 00:08:31. Total running time: 19min 31s
Logical resource usage: 2.0/16 CPUs, 1.0/1 GPUs (0.0/1.0 accelerator_type:AMD-Instinct-MI250X)
╭───────────────────────────────────────────────────────────────────────────────────────────────────────────────────────────────────────────────────────────────────────╮
│ Trial name                            status         hidden_dim     dropout            lr     batch_size     iter     total time (s)     r2_score      rmse       mae │
├───────────────────────────────────────────────────────────────────────────────────────────────────────────────────────────────────────────────────────────────────────┤
│ train_affinity_pipeline_5f3f6_00029   RUNNING              1024    0.261443   0.00379418              64                                                              │
│ train_affinity_pipeline_5f3f6_00000   TERMINATED            512    0.269231   0.00110686              32       40            47.2605    0.144053    1.73319   1.38629 │
│ train_affinity_pipeline_5f3f6_00001   TERMINATED            512    0.376081   0.00410908              64       10            17.2821    0.050474    1.82547   1.47065 │
│ train_affinity_pipeline_5f3f6_00002   TERMINATED            256    0.362255   0.000514884            128       40            22.8561    0.130668    1.74669   1.40002 │
│ train_affinity_pipeline_5f3f6_00003   TERMINATED           1024    0.348635   0.00032523              64       40            29.9926    0.141244    1.73603   1.38781 │
│ train_affinity_pipeline_5f3f6_00004   TERMINATED           1024    0.165757   0.00687226              64       10            16.8931    0.0287758   1.84621   1.48743 │
╰───────────────────────────────────────────────────────────────────────────────────────────────────────────────────────────────────────────────────────────────────────╯
24 more TERMINATED

Trial train_affinity_pipeline_5f3f6_00029 completed after 10 iterations at 2026-09-27 00:08:44. Total running time: 19min 45s
╭──────────────────────────────────────────────────────────────╮
│ Trial train_affinity_pipeline_5f3f6_00029 result             │
├──────────────────────────────────────────────────────────────┤
│ checkpoint_dir_name                                          │
│ time_this_iter_s                                     0.43763 │
│ time_total_s                                         17.1751 │
│ training_iteration                                        10 │
│ mae                                                  1.45141 │
│ r2_score                                              0.0656 │
│ rmse                                                 1.81087 │
╰──────────────────────────────────────────────────────────────╯

Trial status: 30 TERMINATED
Current time: 2026-09-27 00:08:44. Total running time: 19min 45s
Logical resource usage: 0/16 CPUs, 0/1 GPUs (0.0/1.0 accelerator_type:AMD-Instinct-MI250X)
╭───────────────────────────────────────────────────────────────────────────────────────────────────────────────────────────────────────────────────────────────────────╮
│ Trial name                            status         hidden_dim     dropout            lr     batch_size     iter     total time (s)     r2_score      rmse       mae │
├───────────────────────────────────────────────────────────────────────────────────────────────────────────────────────────────────────────────────────────────────────┤
│ train_affinity_pipeline_5f3f6_00000   TERMINATED            512    0.269231   0.00110686              32       40            47.2605    0.144053    1.73319   1.38629 │
│ train_affinity_pipeline_5f3f6_00001   TERMINATED            512    0.376081   0.00410908              64       10            17.2821    0.050474    1.82547   1.47065 │
│ train_affinity_pipeline_5f3f6_00002   TERMINATED            256    0.362255   0.000514884            128       40            22.8561    0.130668    1.74669   1.40002 │
│ train_affinity_pipeline_5f3f6_00003   TERMINATED           1024    0.348635   0.00032523              64       40            29.9926    0.141244    1.73603   1.38781 │
│ train_affinity_pipeline_5f3f6_00004   TERMINATED           1024    0.165757   0.00687226              64       10            16.8931    0.0287758   1.84621   1.48743 │
│ train_affinity_pipeline_5f3f6_00005   TERMINATED           1024    0.137045   0.00122231             128       20            18.4243    0.0618014   1.81455   1.43374 │
│ train_affinity_pipeline_5f3f6_00006   TERMINATED            512    0.335521   0.00123366              64       10            16.9518    0.0739049   1.80281   1.43659 │
│ train_affinity_pipeline_5f3f6_00007   TERMINATED            512    0.126953   0.0022343               32       40            42.4405    0.14158     1.73569   1.39106 │
│ train_affinity_pipeline_5f3f6_00008   TERMINATED            512    0.207696   0.00182971              64       20            21.3674    0.0844857   1.79248   1.44517 │
│ train_affinity_pipeline_5f3f6_00009   TERMINATED            256    0.235018   0.000137324             32       10            20.037     0.0686828   1.80789   1.45089 │
│ train_affinity_pipeline_5f3f6_00010   TERMINATED            512    0.318957   0.000204878            128       40            23.1265    0.134045    1.74329   1.39567 │
│ train_affinity_pipeline_5f3f6_00011   TERMINATED            256    0.176978   0.00758045              32       20            27.7055    0.0679811   1.80857   1.45752 │
│ train_affinity_pipeline_5f3f6_00012   TERMINATED           1024    0.161281   0.000178183             64       40            29.228     0.160701    1.71625   1.36662 │
│ train_affinity_pipeline_5f3f6_00013   TERMINATED            512    0.156712   0.000339433             32       10            20.4995    0.0567109   1.81947   1.4585  │
│ train_affinity_pipeline_5f3f6_00014   TERMINATED            512    0.236304   0.00110555              32       20            27.2832    0.0195877   1.85493   1.50025 │
│ train_affinity_pipeline_5f3f6_00015   TERMINATED            256    0.342587   0.000102016            128       10            16.4044   -0.36505     2.18875   1.79585 │
│ train_affinity_pipeline_5f3f6_00016   TERMINATED           1024    0.184512   0.00191606             128       40            23.6523    0.128518    1.74885   1.39009 │
│ train_affinity_pipeline_5f3f6_00017   TERMINATED            256    0.121908   0.000354882            128       40            25.1118    0.13025     1.74711   1.40682 │
│ train_affinity_pipeline_5f3f6_00018   TERMINATED           1024    0.312047   0.00133198              64       10            22.2991    0.0802761   1.7966    1.43684 │
│ train_affinity_pipeline_5f3f6_00019   TERMINATED            512    0.116604   0.000829219            128       10            17.9434    0.0717263   1.80493   1.45006 │
│ train_affinity_pipeline_5f3f6_00020   TERMINATED            256    0.242536   0.000100144             64       40            29.703     0.1475      1.72969   1.38323 │
│ train_affinity_pipeline_5f3f6_00021   TERMINATED            256    0.345602   0.000201708             32       10            20.9547    0.0503566   1.82559   1.46778 │
│ train_affinity_pipeline_5f3f6_00022   TERMINATED           1024    0.261506   0.00833333              32       10            20.335     0.070152    1.80646   1.45523 │
│ train_affinity_pipeline_5f3f6_00023   TERMINATED            512    0.163894   0.00104271              32       10            21.0012    0.0691417   1.80744   1.45372 │
│ train_affinity_pipeline_5f3f6_00024   TERMINATED            512    0.318199   0.000860969             64       20            22.4115    0.0755407   1.80122   1.44773 │
│ train_affinity_pipeline_5f3f6_00025   TERMINATED           1024    0.119573   0.000187143             32       20            29.702     0.0699219   1.80668   1.45386 │
│ train_affinity_pipeline_5f3f6_00026   TERMINATED            256    0.304542   0.000115718             32       10            21.2082    0.0396644   1.83583   1.47903 │
│ train_affinity_pipeline_5f3f6_00027   TERMINATED            256    0.116331   0.000132534            128       10            16.1522    0.0423137   1.8333    1.48061 │
│ train_affinity_pipeline_5f3f6_00028   TERMINATED            512    0.358277   0.000903612            128       40            24.221     0.11199     1.76535   1.41329 │
│ train_affinity_pipeline_5f3f6_00029   TERMINATED           1024    0.261443   0.00379418              64       10            17.1751    0.0656031   1.81087   1.45141 │
╰───────────────────────────────────────────────────────────────────────────────────────────────────────────────────────────────────────────────────────────────────────╯


============================================================
BEST RAY RESULT: PROGEN2
============================================================
Validation R2   : 0.1607
Validation RMSE : 1.7162
Validation MAE  : 1.3666

Best hyperparameters:
hidden_dim: 1024
dropout: 0.16128106272311682
lr: 0.00017818291286285633
batch_size: 64

Training final model with best hyperparameters...

============================================================
FINAL UNTOUCHED TEST RESULTS: PROGEN2
============================================================
Test R2   : 0.1828
Test RMSE : 1.7092
Test MAE  : 1.3648
============================================================
